
> wishboard@1.25.2 start
> npm run build && node ./src/server/index.js


> wishboard@1.25.2 prebuild
> node ./src/cli/wishboard.js build download-fonts

Prepared theme.css for profile 'lifestyle'
Prepared assets for profile 'lifestyle'
Checking for font updates...
Successfully downloaded/updated NotoColorEmoji.ttf

> wishboard@1.25.2 build
> vite build

vite v8.2.1 building client environment for production...
[2Ktransforming...[plugin rolldown:vite-resolve] Module "fs" has been externalized for browser compatibility, imported by "/app/node_modules/@techstark/opencv-js/dist/opencv.js". See https://vite.dev/guide/troubleshooting.html#module-externalized-for-browser-compatibility for more details.
[plugin rolldown:vite-resolve] Module "crypto" has been externalized for browser compatibility, imported by "/app/node_modules/@techstark/opencv-js/dist/opencv.js". See https://vite.dev/guide/troubleshooting.html#module-externalized-for-browser-compatibility for more details.
✓ 689 modules transformed.
rendering chunks...
computing gzip size...
dist/index.html                                0.69 kB │ gzip:     0.36 kB
dist/assets/index-DfIzgRz4.css                19.11 kB │ gzip:     4.95 kB
dist/assets/cardProcessor-Da4TxpxU.js          0.07 kB │ gzip:     0.08 kB
dist/assets/rolldown-runtime-C0FnF6B9.js       1.29 kB │ gzip:     0.71 kB
dist/assets/WishScanner-SKR3iut2.js            5.90 kB │ gzip:     2.60 kB
dist/assets/jsx-runtime-CKeovgl0.js            7.89 kB │ gzip:     2.99 kB
dist/assets/index-DRJ4-Rlb.js                733.10 kB │ gzip:   214.76 kB
dist/assets/cardProcessor-CtEr0-3t.js     15,584.88 kB │ gzip: 3,959.63 kB

[plugin builtin:vite-reporter]
(!) Some chunks are larger than 500 kB after minification. Consider:
- Using dynamic import() to code-split the application
- Use build.rolldownOptions.output.codeSplitting to improve chunking: https://rolldown.rs/reference/OutputOptions.codeSplitting
- Adjust chunk size limit for this warning via build.chunkSizeWarningLimit.
✓ built in 1.93s
[2026-10-10 20:02:33] debug: Loaded 51 rules from the database
[2026-10-10 20:02:33] info: Wishboard server started on port 3000
Wishboard server listening on http://localhost:3000
[2026-10-10 20:03:09] info: ::1 - - "GET / HTTP/1.1" 200 698 "-" "Mozilla/5.0 (X11; Linux x86_64) AppleWebKit/537.36 (KHTML, like Gecko) HeadlessChrome/156.0.8078.4 Safari/537.36"
[2026-10-10 20:03:09] info: ::1 - - "GET /theme.css HTTP/1.1" 200 415 "http://localhost:3000/" "Mozilla/5.0 (X11; Linux x86_64) AppleWebKit/537.36 (KHTML, like Gecko) HeadlessChrome/156.0.8078.4 Safari/537.36"
[2026-10-10 20:03:09] info: ::1 - - "GET /assets/index-DfIzgRz4.css HTTP/1.1" 200 19113 "http://localhost:3000/" "Mozilla/5.0 (X11; Linux x86_64) AppleWebKit/537.36 (KHTML, like Gecko) HeadlessChrome/156.0.8078.4 Safari/537.36"
[2026-10-10 20:03:09] info: ::1 - - "GET /assets/rolldown-runtime-C0FnF6B9.js HTTP/1.1" 200 1291 "http://localhost:3000/" "Mozilla/5.0 (X11; Linux x86_64) AppleWebKit/537.36 (KHTML, like Gecko) HeadlessChrome/156.0.8078.4 Safari/537.36"
[2026-10-10 20:03:09] info: ::1 - - "GET /assets/jsx-runtime-CKeovgl0.js HTTP/1.1" 200 7899 "http://localhost:3000/" "Mozilla/5.0 (X11; Linux x86_64) AppleWebKit/537.36 (KHTML, like Gecko) HeadlessChrome/156.0.8078.4 Safari/537.36"
[2026-10-10 20:03:09] info: ::1 - - "GET /assets/index-DRJ4-Rlb.js HTTP/1.1" 200 733104 "http://localhost:3000/" "Mozilla/5.0 (X11; Linux x86_64) AppleWebKit/537.36 (KHTML, like Gecko) HeadlessChrome/156.0.8078.4 Safari/537.36"
[2026-10-10 20:03:09] info: ::1 - - "GET /api/config HTTP/1.1" 200 12659 "http://localhost:3000/" "Mozilla/5.0 (X11; Linux x86_64) AppleWebKit/537.36 (KHTML, like Gecko) HeadlessChrome/156.0.8078.4 Safari/537.36"
[2026-10-10 20:03:09] info: ::1 - - "GET /api/config HTTP/1.1" 304 - "http://localhost:3000/" "Mozilla/5.0 (X11; Linux x86_64) AppleWebKit/537.36 (KHTML, like Gecko) HeadlessChrome/156.0.8078.4 Safari/537.36"
[2026-10-10 20:03:09] info: ::1 - - "GET /fonts/NotoColorEmoji.ttf HTTP/1.1" 200 10730124 "http://localhost:3000/assets/index-DfIzgRz4.css" "Mozilla/5.0 (X11; Linux x86_64) AppleWebKit/537.36 (KHTML, like Gecko) HeadlessChrome/156.0.8078.4 Safari/537.36"
[2026-10-10 20:03:10] info: ::1 - - "GET /assets/cardProcessor-Da4TxpxU.js HTTP/1.1" 200 78 "http://localhost:3000/" "Mozilla/5.0 (X11; Linux x86_64) AppleWebKit/537.36 (KHTML, like Gecko) HeadlessChrome/156.0.8078.4 Safari/537.36"
[2026-10-10 20:03:10] info: ::1 - - "GET /assets/cardProcessor-CtEr0-3t.js HTTP/1.1" 200 15584883 "http://localhost:3000/" "Mozilla/5.0 (X11; Linux x86_64) AppleWebKit/537.36 (KHTML, like Gecko) HeadlessChrome/156.0.8078.4 Safari/537.36"
[2026-10-10 20:03:11] info: ::1 - - "POST /api/rules/check-conflicts HTTP/1.1" 200 16 "http://localhost:3000/" "Mozilla/5.0 (X11; Linux x86_64) AppleWebKit/537.36 (KHTML, like Gecko) HeadlessChrome/156.0.8078.4 Safari/537.36"
[2026-10-10 20:03:11] info: ::1 - - "POST /api/rules/check-conflicts HTTP/1.1" 200 16 "http://localhost:3000/" "Mozilla/5.0 (X11; Linux x86_64) AppleWebKit/537.36 (KHTML, like Gecko) HeadlessChrome/156.0.8078.4 Safari/537.36"
[2026-10-10 20:04:10] info: ::1 - - "GET / HTTP/1.1" 200 698 "-" "Mozilla/5.0 (X11; Linux x86_64) AppleWebKit/537.36 (KHTML, like Gecko) HeadlessChrome/156.0.8078.4 Safari/537.36"
[2026-10-10 20:04:10] info: ::1 - - "GET /theme.css HTTP/1.1" 200 415 "http://localhost:3000/" "Mozilla/5.0 (X11; Linux x86_64) AppleWebKit/537.36 (KHTML, like Gecko) HeadlessChrome/156.0.8078.4 Safari/537.36"
[2026-10-10 20:04:10] info: ::1 - - "GET /assets/index-DfIzgRz4.css HTTP/1.1" 200 19113 "http://localhost:3000/" "Mozilla/5.0 (X11; Linux x86_64) AppleWebKit/537.36 (KHTML, like Gecko) HeadlessChrome/156.0.8078.4 Safari/537.36"
[2026-10-10 20:04:10] info: ::1 - - "GET /assets/rolldown-runtime-C0FnF6B9.js HTTP/1.1" 200 1291 "http://localhost:3000/" "Mozilla/5.0 (X11; Linux x86_64) AppleWebKit/537.36 (KHTML, like Gecko) HeadlessChrome/156.0.8078.4 Safari/537.36"
[2026-10-10 20:04:10] info: ::1 - - "GET /assets/jsx-runtime-CKeovgl0.js HTTP/1.1" 200 7899 "http://localhost:3000/" "Mozilla/5.0 (X11; Linux x86_64) AppleWebKit/537.36 (KHTML, like Gecko) HeadlessChrome/156.0.8078.4 Safari/537.36"
[2026-10-10 20:04:10] info: ::1 - - "GET /assets/index-DRJ4-Rlb.js HTTP/1.1" 200 733104 "http://localhost:3000/" "Mozilla/5.0 (X11; Linux x86_64) AppleWebKit/537.36 (KHTML, like Gecko) HeadlessChrome/156.0.8078.4 Safari/537.36"
[2026-10-10 20:04:10] info: ::1 - - "GET /api/config HTTP/1.1" 200 12659 "http://localhost:3000/" "Mozilla/5.0 (X11; Linux x86_64) AppleWebKit/537.36 (KHTML, like Gecko) HeadlessChrome/156.0.8078.4 Safari/537.36"
[2026-10-10 20:04:10] info: ::1 - - "GET /api/config HTTP/1.1" 304 - "http://localhost:3000/" "Mozilla/5.0 (X11; Linux x86_64) AppleWebKit/537.36 (KHTML, like Gecko) HeadlessChrome/156.0.8078.4 Safari/537.36"
[2026-10-10 20:04:10] info: ::1 - - "GET /fonts/NotoColorEmoji.ttf HTTP/1.1" 200 10730124 "http://localhost:3000/assets/index-DfIzgRz4.css" "Mozilla/5.0 (X11; Linux x86_64) AppleWebKit/537.36 (KHTML, like Gecko) HeadlessChrome/156.0.8078.4 Safari/537.36"
[2026-10-10 20:04:11] info: ::1 - - "GET /assets/WishScanner-SKR3iut2.js HTTP/1.1" 200 5900 "http://localhost:3000/" "Mozilla/5.0 (X11; Linux x86_64) AppleWebKit/537.36 (KHTML, like Gecko) HeadlessChrome/156.0.8078.4 Safari/537.36"
[2026-10-10 20:04:11] info: ::1 - - "GET /assets/cardProcessor-CtEr0-3t.js HTTP/1.1" 200 15584883 "http://localhost:3000/" "Mozilla/5.0 (X11; Linux x86_64) AppleWebKit/537.36 (KHTML, like Gecko) HeadlessChrome/156.0.8078.4 Safari/537.36"
[2026-10-10 20:04:11] debug: Loaded 51 rules from the database
[2026-10-10 20:04:11] info: ::1 - - "POST /api/rules/check-conflicts HTTP/1.1" 200 16 "http://localhost:3000/" "Mozilla/5.0 (X11; Linux x86_64) AppleWebKit/537.36 (KHTML, like Gecko) HeadlessChrome/156.0.8078.4 Safari/537.36"
[2026-10-10 20:04:11] info: ::1 - - "POST /api/rules/check-conflicts HTTP/1.1" 200 16 "http://localhost:3000/" "Mozilla/5.0 (X11; Linux x86_64) AppleWebKit/537.36 (KHTML, like Gecko) HeadlessChrome/156.0.8078.4 Safari/537.36"
[2026-10-10 20:06:47] info: ::1 - - "GET / HTTP/1.1" 200 698 "-" "Mozilla/5.0 (X11; Linux x86_64) AppleWebKit/537.36 (KHTML, like Gecko) HeadlessChrome/156.0.8078.4 Safari/537.36"
[2026-10-10 20:06:47] info: ::1 - - "GET /theme.css HTTP/1.1" 200 415 "http://localhost:3000/" "Mozilla/5.0 (X11; Linux x86_64) AppleWebKit/537.36 (KHTML, like Gecko) HeadlessChrome/156.0.8078.4 Safari/537.36"
[2026-10-10 20:06:47] info: ::1 - - "GET /assets/index-DfIzgRz4.css HTTP/1.1" 200 19113 "http://localhost:3000/" "Mozilla/5.0 (X11; Linux x86_64) AppleWebKit/537.36 (KHTML, like Gecko) HeadlessChrome/156.0.8078.4 Safari/537.36"
[2026-10-10 20:06:47] info: ::1 - - "GET /assets/rolldown-runtime-C0FnF6B9.js HTTP/1.1" 200 1291 "http://localhost:3000/" "Mozilla/5.0 (X11; Linux x86_64) AppleWebKit/537.36 (KHTML, like Gecko) HeadlessChrome/156.0.8078.4 Safari/537.36"
[2026-10-10 20:06:47] info: ::1 - - "GET /assets/jsx-runtime-CKeovgl0.js HTTP/1.1" 200 7899 "http://localhost:3000/" "Mozilla/5.0 (X11; Linux x86_64) AppleWebKit/537.36 (KHTML, like Gecko) HeadlessChrome/156.0.8078.4 Safari/537.36"
[2026-10-10 20:06:47] info: ::1 - - "GET /assets/index-DRJ4-Rlb.js HTTP/1.1" 200 733104 "http://localhost:3000/" "Mozilla/5.0 (X11; Linux x86_64) AppleWebKit/537.36 (KHTML, like Gecko) HeadlessChrome/156.0.8078.4 Safari/537.36"
[2026-10-10 20:06:47] info: ::1 - - "GET /api/config HTTP/1.1" 200 12659 "http://localhost:3000/" "Mozilla/5.0 (X11; Linux x86_64) AppleWebKit/537.36 (KHTML, like Gecko) HeadlessChrome/156.0.8078.4 Safari/537.36"
[2026-10-10 20:06:47] info: ::1 - - "GET /api/config HTTP/1.1" 304 - "http://localhost:3000/" "Mozilla/5.0 (X11; Linux x86_64) AppleWebKit/537.36 (KHTML, like Gecko) HeadlessChrome/156.0.8078.4 Safari/537.36"
[2026-10-10 20:06:47] info: ::1 - - "GET /fonts/NotoColorEmoji.ttf HTTP/1.1" 200 10730124 "http://localhost:3000/assets/index-DfIzgRz4.css" "Mozilla/5.0 (X11; Linux x86_64) AppleWebKit/537.36 (KHTML, like Gecko) HeadlessChrome/156.0.8078.4 Safari/537.36"
[2026-10-10 20:06:48] info: ::1 - - "GET /assets/WishScanner-SKR3iut2.js HTTP/1.1" 200 5900 "http://localhost:3000/" "Mozilla/5.0 (X11; Linux x86_64) AppleWebKit/537.36 (KHTML, like Gecko) HeadlessChrome/156.0.8078.4 Safari/537.36"
[2026-10-10 20:06:48] info: ::1 - - "GET /assets/cardProcessor-CtEr0-3t.js HTTP/1.1" 200 15584883 "http://localhost:3000/" "Mozilla/5.0 (X11; Linux x86_64) AppleWebKit/537.36 (KHTML, like Gecko) HeadlessChrome/156.0.8078.4 Safari/537.36"
[2026-10-10 20:06:48] debug: Loaded 51 rules from the database
[2026-10-10 20:06:48] info: ::1 - - "POST /api/rules/check-conflicts HTTP/1.1" 200 16 "http://localhost:3000/" "Mozilla/5.0 (X11; Linux x86_64) AppleWebKit/537.36 (KHTML, like Gecko) HeadlessChrome/156.0.8078.4 Safari/537.36"
[2026-10-10 20:06:48] info: ::1 - - "POST /api/rules/check-conflicts HTTP/1.1" 200 16 "http://localhost:3000/" "Mozilla/5.0 (X11; Linux x86_64) AppleWebKit/537.36 (KHTML, like Gecko) HeadlessChrome/156.0.8078.4 Safari/537.36"
[2026-10-10 21:12:08] info: ::1 - - "GET / HTTP/1.1" 200 698 "-" "-"
[2026-10-10 21:12:08] info: ::1 - - "GET / HTTP/1.1" 200 698 "-" "-"
[2026-10-10 21:14:19] info: ::1 - - "GET / HTTP/1.1" 200 698 "-" "-"
[2026-10-10 21:14:19] info: ::1 - - "GET / HTTP/1.1" 200 698 "-" "-"
[2026-10-10 21:14:21] info: ::1 - - "GET / HTTP/1.1" 200 698 "-" "Mozilla/5.0 (Windows NT 10.0; Win64; x64) AppleWebKit/537.36 (KHTML, like Gecko) Chrome/156.0.8078.4 Safari/537.36"
[2026-10-10 21:14:21] info: ::1 - - "GET /theme.css HTTP/1.1" 200 415 "http://localhost:3000/" "Mozilla/5.0 (Windows NT 10.0; Win64; x64) AppleWebKit/537.36 (KHTML, like Gecko) Chrome/156.0.8078.4 Safari/537.36"
[2026-10-10 21:14:21] info: ::1 - - "GET /assets/index-DfIzgRz4.css HTTP/1.1" 200 19113 "http://localhost:3000/" "Mozilla/5.0 (Windows NT 10.0; Win64; x64) AppleWebKit/537.36 (KHTML, like Gecko) Chrome/156.0.8078.4 Safari/537.36"
[2026-10-10 21:14:21] info: ::1 - - "GET /assets/rolldown-runtime-C0FnF6B9.js HTTP/1.1" 200 1291 "http://localhost:3000/" "Mozilla/5.0 (Windows NT 10.0; Win64; x64) AppleWebKit/537.36 (KHTML, like Gecko) Chrome/156.0.8078.4 Safari/537.36"
[2026-10-10 21:14:21] info: ::1 - - "GET /assets/jsx-runtime-CKeovgl0.js HTTP/1.1" 200 7899 "http://localhost:3000/" "Mozilla/5.0 (Windows NT 10.0; Win64; x64) AppleWebKit/537.36 (KHTML, like Gecko) Chrome/156.0.8078.4 Safari/537.36"
[2026-10-10 21:14:21] info: ::1 - - "GET /assets/index-DRJ4-Rlb.js HTTP/1.1" 200 733104 "http://localhost:3000/" "Mozilla/5.0 (Windows NT 10.0; Win64; x64) AppleWebKit/537.36 (KHTML, like Gecko) Chrome/156.0.8078.4 Safari/537.36"
[2026-10-10 21:14:21] info: ::1 - - "GET /api/config HTTP/1.1" 200 12659 "http://localhost:3000/" "Mozilla/5.0 (Windows NT 10.0; Win64; x64) AppleWebKit/537.36 (KHTML, like Gecko) Chrome/156.0.8078.4 Safari/537.36"
[2026-10-10 21:14:21] info: ::1 - - "GET /api/config HTTP/1.1" 304 - "http://localhost:3000/" "Mozilla/5.0 (Windows NT 10.0; Win64; x64) AppleWebKit/537.36 (KHTML, like Gecko) Chrome/156.0.8078.4 Safari/537.36"
[2026-10-10 21:14:21] warn: Failed login attempt {"username":"admin","ip":"::1"}
[2026-10-10 21:14:21] info: ::1 - - "POST /api/users/login HTTP/1.1" 401 43 "http://localhost:3000/" "Mozilla/5.0 (Windows NT 10.0; Win64; x64) AppleWebKit/537.36 (KHTML, like Gecko) Chrome/156.0.8078.4 Safari/537.36"
[2026-10-10 21:14:28] info: ::1 - - "GET / HTTP/1.1" 200 698 "-" "Mozilla/5.0 (Windows NT 10.0; Win64; x64) AppleWebKit/537.36 (KHTML, like Gecko) Chrome/156.0.8078.4 Safari/537.36"
[2026-10-10 21:14:28] info: ::1 - - "GET /theme.css HTTP/1.1" 200 415 "http://localhost:3000/" "Mozilla/5.0 (Windows NT 10.0; Win64; x64) AppleWebKit/537.36 (KHTML, like Gecko) Chrome/156.0.8078.4 Safari/537.36"
[2026-10-10 21:14:28] info: ::1 - - "GET /assets/index-DfIzgRz4.css HTTP/1.1" 200 19113 "http://localhost:3000/" "Mozilla/5.0 (Windows NT 10.0; Win64; x64) AppleWebKit/537.36 (KHTML, like Gecko) Chrome/156.0.8078.4 Safari/537.36"
[2026-10-10 21:14:28] info: ::1 - - "GET /assets/rolldown-runtime-C0FnF6B9.js HTTP/1.1" 200 1291 "http://localhost:3000/" "Mozilla/5.0 (Windows NT 10.0; Win64; x64) AppleWebKit/537.36 (KHTML, like Gecko) Chrome/156.0.8078.4 Safari/537.36"
[2026-10-10 21:14:28] info: ::1 - - "GET /assets/jsx-runtime-CKeovgl0.js HTTP/1.1" 200 7899 "http://localhost:3000/" "Mozilla/5.0 (Windows NT 10.0; Win64; x64) AppleWebKit/537.36 (KHTML, like Gecko) Chrome/156.0.8078.4 Safari/537.36"
[2026-10-10 21:14:28] info: ::1 - - "GET /assets/index-DRJ4-Rlb.js HTTP/1.1" 200 733104 "http://localhost:3000/" "Mozilla/5.0 (Windows NT 10.0; Win64; x64) AppleWebKit/537.36 (KHTML, like Gecko) Chrome/156.0.8078.4 Safari/537.36"
[2026-10-10 21:14:28] info: ::1 - - "GET /api/config HTTP/1.1" 200 12659 "http://localhost:3000/" "Mozilla/5.0 (Windows NT 10.0; Win64; x64) AppleWebKit/537.36 (KHTML, like Gecko) Chrome/156.0.8078.4 Safari/537.36"
[2026-10-10 21:14:28] info: ::1 - - "GET /api/config HTTP/1.1" 304 - "http://localhost:3000/" "Mozilla/5.0 (Windows NT 10.0; Win64; x64) AppleWebKit/537.36 (KHTML, like Gecko) Chrome/156.0.8078.4 Safari/537.36"
[2026-10-10 21:14:28] info: ::1 - - "GET /fonts/NotoColorEmoji.ttf HTTP/1.1" 200 10730124 "http://localhost:3000/assets/index-DfIzgRz4.css" "Mozilla/5.0 (Windows NT 10.0; Win64; x64) AppleWebKit/537.36 (KHTML, like Gecko) Chrome/156.0.8078.4 Safari/537.36"
[2026-10-10 21:14:28] debug: Loaded 51 rules from the database
[2026-10-10 21:14:28] info: ::1 - - "POST /api/rules/check-conflicts HTTP/1.1" 200 16 "http://localhost:3000/" "Mozilla/5.0 (Windows NT 10.0; Win64; x64) AppleWebKit/537.36 (KHTML, like Gecko) Chrome/156.0.8078.4 Safari/537.36"
[2026-10-10 21:14:28] info: ::1 - - "POST /api/rules/check-conflicts HTTP/1.1" 200 16 "http://localhost:3000/" "Mozilla/5.0 (Windows NT 10.0; Win64; x64) AppleWebKit/537.36 (KHTML, like Gecko) Chrome/156.0.8078.4 Safari/537.36"
[2026-10-10 21:14:28] info: Wish created {"user_id":null,"wish_id":"pw8uhg4x"}
[2026-10-10 21:14:28] info: ::1 - - "POST /api/wishes HTTP/1.1" 201 46 "http://localhost:3000/" "Mozilla/5.0 (Windows NT 10.0; Win64; x64) AppleWebKit/537.36 (KHTML, like Gecko) Chrome/156.0.8078.4 Safari/537.36"
[2026-10-10 21:14:29] info: WebSocket client connected: IZN5MVmq0wqW0Pu4AAAA
[2026-10-10 21:14:29] info: ::1 - - "GET /api/wishes?q=Spontaneous+road+trip&attributes=%7B%22gender%22%3A%22non-binary%22%2C%22orientation%22%3A%22queer%22%2C%22role%22%3A%22switch%22%7D HTTP/1.1" 200 793 "http://localhost:3000/" "Mozilla/5.0 (Windows NT 10.0; Win64; x64) AppleWebKit/537.36 (KHTML, like Gecko) Chrome/156.0.8078.4 Safari/537.36"
[2026-10-10 21:14:29] warn: Failed login attempt {"username":"admin","ip":"::1"}
[2026-10-10 21:14:29] info: ::1 - - "POST /api/users/login HTTP/1.1" 401 43 "http://localhost:3000/" "Mozilla/5.0 (Windows NT 10.0; Win64; x64) AppleWebKit/537.36 (KHTML, like Gecko) Chrome/156.0.8078.4 Safari/537.36"
[2026-10-10 21:14:34] info: WebSocket client disconnected: IZN5MVmq0wqW0Pu4AAAA
[2026-10-10 21:14:35] info: ::1 - - "GET / HTTP/1.1" 200 698 "-" "Mozilla/5.0 (Windows NT 10.0; Win64; x64) AppleWebKit/537.36 (KHTML, like Gecko) Chrome/156.0.8078.4 Safari/537.36"
[2026-10-10 21:14:35] info: ::1 - - "GET /theme.css HTTP/1.1" 200 415 "http://localhost:3000/" "Mozilla/5.0 (Windows NT 10.0; Win64; x64) AppleWebKit/537.36 (KHTML, like Gecko) Chrome/156.0.8078.4 Safari/537.36"
[2026-10-10 21:14:35] info: ::1 - - "GET /assets/index-DfIzgRz4.css HTTP/1.1" 200 19113 "http://localhost:3000/" "Mozilla/5.0 (Windows NT 10.0; Win64; x64) AppleWebKit/537.36 (KHTML, like Gecko) Chrome/156.0.8078.4 Safari/537.36"
[2026-10-10 21:14:35] info: ::1 - - "GET /assets/rolldown-runtime-C0FnF6B9.js HTTP/1.1" 200 1291 "http://localhost:3000/" "Mozilla/5.0 (Windows NT 10.0; Win64; x64) AppleWebKit/537.36 (KHTML, like Gecko) Chrome/156.0.8078.4 Safari/537.36"
[2026-10-10 21:14:35] info: ::1 - - "GET /assets/jsx-runtime-CKeovgl0.js HTTP/1.1" 200 7899 "http://localhost:3000/" "Mozilla/5.0 (Windows NT 10.0; Win64; x64) AppleWebKit/537.36 (KHTML, like Gecko) Chrome/156.0.8078.4 Safari/537.36"
[2026-10-10 21:14:35] info: ::1 - - "GET /assets/index-DRJ4-Rlb.js HTTP/1.1" 200 733104 "http://localhost:3000/" "Mozilla/5.0 (Windows NT 10.0; Win64; x64) AppleWebKit/537.36 (KHTML, like Gecko) Chrome/156.0.8078.4 Safari/537.36"
[2026-10-10 21:14:35] info: ::1 - - "GET /api/config HTTP/1.1" 200 12659 "http://localhost:3000/" "Mozilla/5.0 (Windows NT 10.0; Win64; x64) AppleWebKit/537.36 (KHTML, like Gecko) Chrome/156.0.8078.4 Safari/537.36"
[2026-10-10 21:14:35] info: ::1 - - "GET /api/config HTTP/1.1" 304 - "http://localhost:3000/" "Mozilla/5.0 (Windows NT 10.0; Win64; x64) AppleWebKit/537.36 (KHTML, like Gecko) Chrome/156.0.8078.4 Safari/537.36"
[2026-10-10 21:14:35] info: ::1 - - "GET /fonts/NotoColorEmoji.ttf HTTP/1.1" 200 10730124 "http://localhost:3000/assets/index-DfIzgRz4.css" "Mozilla/5.0 (Windows NT 10.0; Win64; x64) AppleWebKit/537.36 (KHTML, like Gecko) Chrome/156.0.8078.4 Safari/537.36"
[2026-10-10 21:14:36] info: New user registered {"user_id":"9c5rn1kd","username":"testuser_1791666875518"}
[2026-10-10 21:14:36] info: ::1 - - "POST /api/users/register HTTP/1.1" 200 319 "http://localhost:3000/" "Mozilla/5.0 (Windows NT 10.0; Win64; x64) AppleWebKit/537.36 (KHTML, like Gecko) Chrome/156.0.8078.4 Safari/537.36"
[2026-10-10 21:14:36] info: ::1 - - "GET /api/users/me/wishes HTTP/1.1" 200 2 "http://localhost:3000/" "Mozilla/5.0 (Windows NT 10.0; Win64; x64) AppleWebKit/537.36 (KHTML, like Gecko) Chrome/156.0.8078.4 Safari/537.36"
[2026-10-10 21:14:36] info: ::1 - - "GET /api/wishes/exclusions HTTP/1.1" 200 2 "http://localhost:3000/" "Mozilla/5.0 (Windows NT 10.0; Win64; x64) AppleWebKit/537.36 (KHTML, like Gecko) Chrome/156.0.8078.4 Safari/537.36"
[2026-10-10 21:14:36] info: ::1 - - "GET /api/users/me HTTP/1.1" 200 223 "http://localhost:3000/" "Mozilla/5.0 (Windows NT 10.0; Win64; x64) AppleWebKit/537.36 (KHTML, like Gecko) Chrome/156.0.8078.4 Safari/537.36"
[2026-10-10 21:14:36] info: ::1 - - "GET /api/users/me/wishes HTTP/1.1" 304 - "http://localhost:3000/" "Mozilla/5.0 (Windows NT 10.0; Win64; x64) AppleWebKit/537.36 (KHTML, like Gecko) Chrome/156.0.8078.4 Safari/537.36"
[2026-10-10 21:14:36] info: ::1 - - "GET /api/wishes/exclusions HTTP/1.1" 304 - "http://localhost:3000/" "Mozilla/5.0 (Windows NT 10.0; Win64; x64) AppleWebKit/537.36 (KHTML, like Gecko) Chrome/156.0.8078.4 Safari/537.36"
[2026-10-10 21:14:36] info: Wish created {"user_id":"9c5rn1kd","wish_id":"gtn63yof"}
[2026-10-10 21:14:36] info: ::1 - - "POST /api/wishes HTTP/1.1" 201 31 "http://localhost:3000/" "Mozilla/5.0 (Windows NT 10.0; Win64; x64) AppleWebKit/537.36 (KHTML, like Gecko) Chrome/156.0.8078.4 Safari/537.36"
[2026-10-10 21:14:36] info: ::1 - - "GET /api/users/me/wishes HTTP/1.1" 200 407 "http://localhost:3000/" "Mozilla/5.0 (Windows NT 10.0; Win64; x64) AppleWebKit/537.36 (KHTML, like Gecko) Chrome/156.0.8078.4 Safari/537.36"
[2026-10-10 21:14:36] info: ::1 - - "GET /api/wishes/exclusions HTTP/1.1" 304 - "http://localhost:3000/" "Mozilla/5.0 (Windows NT 10.0; Win64; x64) AppleWebKit/537.36 (KHTML, like Gecko) Chrome/156.0.8078.4 Safari/537.36"
[2026-10-10 21:14:36] info: Successful login {"username":"testuser_1791666875518","ip":"::1"}
[2026-10-10 21:14:36] info: ::1 - - "POST /api/users/login HTTP/1.1" 200 282 "http://localhost:3000/" "Mozilla/5.0 (Windows NT 10.0; Win64; x64) AppleWebKit/537.36 (KHTML, like Gecko) Chrome/156.0.8078.4 Safari/537.36"
[2026-10-10 21:14:36] info: ::1 - - "GET /api/users/me/wishes HTTP/1.1" 304 - "http://localhost:3000/" "Mozilla/5.0 (Windows NT 10.0; Win64; x64) AppleWebKit/537.36 (KHTML, like Gecko) Chrome/156.0.8078.4 Safari/537.36"
[2026-10-10 21:14:36] info: ::1 - - "GET /api/wishes/exclusions HTTP/1.1" 304 - "http://localhost:3000/" "Mozilla/5.0 (Windows NT 10.0; Win64; x64) AppleWebKit/537.36 (KHTML, like Gecko) Chrome/156.0.8078.4 Safari/537.36"
[2026-10-10 21:14:36] info: ::1 - - "GET /api/users/me HTTP/1.1" 304 - "http://localhost:3000/" "Mozilla/5.0 (Windows NT 10.0; Win64; x64) AppleWebKit/537.36 (KHTML, like Gecko) Chrome/156.0.8078.4 Safari/537.36"
[2026-10-10 21:14:36] info: ::1 - - "GET /api/users/me/wishes HTTP/1.1" 304 - "http://localhost:3000/" "Mozilla/5.0 (Windows NT 10.0; Win64; x64) AppleWebKit/537.36 (KHTML, like Gecko) Chrome/156.0.8078.4 Safari/537.36"
[2026-10-10 21:14:36] info: ::1 - - "GET /api/wishes/exclusions HTTP/1.1" 304 - "http://localhost:3000/" "Mozilla/5.0 (Windows NT 10.0; Win64; x64) AppleWebKit/537.36 (KHTML, like Gecko) Chrome/156.0.8078.4 Safari/537.36"
[2026-10-10 21:14:36] info: ::1 - - "GET / HTTP/1.1" 200 698 "-" "Mozilla/5.0 (Windows NT 10.0; Win64; x64) AppleWebKit/537.36 (KHTML, like Gecko) Chrome/156.0.8078.4 Safari/537.36"
[2026-10-10 21:14:36] info: ::1 - - "GET /theme.css HTTP/1.1" 200 415 "http://localhost:3000/" "Mozilla/5.0 (Windows NT 10.0; Win64; x64) AppleWebKit/537.36 (KHTML, like Gecko) Chrome/156.0.8078.4 Safari/537.36"
[2026-10-10 21:14:36] info: ::1 - - "GET /assets/index-DfIzgRz4.css HTTP/1.1" 200 19113 "http://localhost:3000/" "Mozilla/5.0 (Windows NT 10.0; Win64; x64) AppleWebKit/537.36 (KHTML, like Gecko) Chrome/156.0.8078.4 Safari/537.36"
[2026-10-10 21:14:36] info: ::1 - - "GET /assets/rolldown-runtime-C0FnF6B9.js HTTP/1.1" 200 1291 "http://localhost:3000/" "Mozilla/5.0 (Windows NT 10.0; Win64; x64) AppleWebKit/537.36 (KHTML, like Gecko) Chrome/156.0.8078.4 Safari/537.36"
[2026-10-10 21:14:36] info: ::1 - - "GET /assets/jsx-runtime-CKeovgl0.js HTTP/1.1" 200 7899 "http://localhost:3000/" "Mozilla/5.0 (Windows NT 10.0; Win64; x64) AppleWebKit/537.36 (KHTML, like Gecko) Chrome/156.0.8078.4 Safari/537.36"
[2026-10-10 21:14:36] info: ::1 - - "GET /assets/index-DRJ4-Rlb.js HTTP/1.1" 200 733104 "http://localhost:3000/" "Mozilla/5.0 (Windows NT 10.0; Win64; x64) AppleWebKit/537.36 (KHTML, like Gecko) Chrome/156.0.8078.4 Safari/537.36"
[2026-10-10 21:14:36] info: ::1 - - "GET /api/config HTTP/1.1" 200 12659 "http://localhost:3000/" "Mozilla/5.0 (Windows NT 10.0; Win64; x64) AppleWebKit/537.36 (KHTML, like Gecko) Chrome/156.0.8078.4 Safari/537.36"
[2026-10-10 21:14:36] info: ::1 - - "GET /api/config HTTP/1.1" 304 - "http://localhost:3000/" "Mozilla/5.0 (Windows NT 10.0; Win64; x64) AppleWebKit/537.36 (KHTML, like Gecko) Chrome/156.0.8078.4 Safari/537.36"
[2026-10-10 21:14:37] info: ::1 - - "GET /fonts/NotoColorEmoji.ttf HTTP/1.1" 200 10730124 "http://localhost:3000/assets/index-DfIzgRz4.css" "Mozilla/5.0 (Windows NT 10.0; Win64; x64) AppleWebKit/537.36 (KHTML, like Gecko) Chrome/156.0.8078.4 Safari/537.36"
[2026-10-10 21:14:37] info: Wish created {"user_id":null,"wish_id":"s4v7wxk7"}
[2026-10-10 21:14:37] info: ::1 - - "POST /api/wishes HTTP/1.1" 201 48 "http://localhost:3000/" "Mozilla/5.0 (Windows NT 10.0; Win64; x64) AppleWebKit/537.36 (KHTML, like Gecko) Chrome/156.0.8078.4 Safari/537.36"
[2026-10-10 21:14:37] info: WebSocket client connected: 882KC51NYn1M4em6AAAB
[2026-10-10 21:14:37] info: ::1 - - "GET /api/wishes?q=Flagged+test+wish+content+1791666876780&ignore_attributes=1 HTTP/1.1" 200 174 "http://localhost:3000/" "Mozilla/5.0 (Windows NT 10.0; Win64; x64) AppleWebKit/537.36 (KHTML, like Gecko) Chrome/156.0.8078.4 Safari/537.36"
[2026-10-10 21:14:37] warn: Wish flagged for moderation {"wish_id":"s4v7wxk7"}
[2026-10-10 21:14:37] info: ::1 - - "POST /api/wishes/s4v7wxk7/flag HTTP/1.1" 200 16 "http://localhost:3000/" "Mozilla/5.0 (Windows NT 10.0; Win64; x64) AppleWebKit/537.36 (KHTML, like Gecko) Chrome/156.0.8078.4 Safari/537.36"
[2026-10-10 21:14:37] warn: Failed login attempt {"username":"admin","ip":"::1"}
[2026-10-10 21:14:37] info: ::1 - - "POST /api/users/login HTTP/1.1" 401 43 "http://localhost:3000/" "Mozilla/5.0 (Windows NT 10.0; Win64; x64) AppleWebKit/537.36 (KHTML, like Gecko) Chrome/156.0.8078.4 Safari/537.36"
[2026-10-10 21:15:36] info: WebSocket client disconnected: 882KC51NYn1M4em6AAAB
[2026-10-10 21:15:37] info: ::1 - - "GET / HTTP/1.1" 200 698 "-" "Mozilla/5.0 (Windows NT 10.0; Win64; x64) AppleWebKit/537.36 (KHTML, like Gecko) Chrome/156.0.8078.4 Safari/537.36"
[2026-10-10 21:15:37] info: ::1 - - "GET /theme.css HTTP/1.1" 200 415 "http://localhost:3000/" "Mozilla/5.0 (Windows NT 10.0; Win64; x64) AppleWebKit/537.36 (KHTML, like Gecko) Chrome/156.0.8078.4 Safari/537.36"
[2026-10-10 21:15:37] info: ::1 - - "GET /assets/rolldown-runtime-C0FnF6B9.js HTTP/1.1" 200 1291 "http://localhost:3000/" "Mozilla/5.0 (Windows NT 10.0; Win64; x64) AppleWebKit/537.36 (KHTML, like Gecko) Chrome/156.0.8078.4 Safari/537.36"
[2026-10-10 21:15:37] info: ::1 - - "GET /assets/index-DfIzgRz4.css HTTP/1.1" 200 19113 "http://localhost:3000/" "Mozilla/5.0 (Windows NT 10.0; Win64; x64) AppleWebKit/537.36 (KHTML, like Gecko) Chrome/156.0.8078.4 Safari/537.36"
[2026-10-10 21:15:37] info: ::1 - - "GET /assets/jsx-runtime-CKeovgl0.js HTTP/1.1" 200 7899 "http://localhost:3000/" "Mozilla/5.0 (Windows NT 10.0; Win64; x64) AppleWebKit/537.36 (KHTML, like Gecko) Chrome/156.0.8078.4 Safari/537.36"
[2026-10-10 21:15:37] info: ::1 - - "GET /assets/index-DRJ4-Rlb.js HTTP/1.1" 200 733104 "http://localhost:3000/" "Mozilla/5.0 (Windows NT 10.0; Win64; x64) AppleWebKit/537.36 (KHTML, like Gecko) Chrome/156.0.8078.4 Safari/537.36"
[2026-10-10 21:15:38] info: ::1 - - "GET /api/config HTTP/1.1" 200 12659 "http://localhost:3000/" "Mozilla/5.0 (Windows NT 10.0; Win64; x64) AppleWebKit/537.36 (KHTML, like Gecko) Chrome/156.0.8078.4 Safari/537.36"
[2026-10-10 21:15:38] info: ::1 - - "GET /api/config HTTP/1.1" 304 - "http://localhost:3000/" "Mozilla/5.0 (Windows NT 10.0; Win64; x64) AppleWebKit/537.36 (KHTML, like Gecko) Chrome/156.0.8078.4 Safari/537.36"
[2026-10-10 21:15:38] info: ::1 - - "GET /fonts/NotoColorEmoji.ttf HTTP/1.1" 200 10730124 "http://localhost:3000/assets/index-DfIzgRz4.css" "Mozilla/5.0 (Windows NT 10.0; Win64; x64) AppleWebKit/537.36 (KHTML, like Gecko) Chrome/156.0.8078.4 Safari/537.36"
[2026-10-10 21:15:38] debug: Loaded 51 rules from the database
[2026-10-10 21:15:38] info: Wish created {"user_id":null,"wish_id":"7276qbjz"}
[2026-10-10 21:15:38] info: ::1 - - "POST /api/wishes HTTP/1.1" 201 48 "http://localhost:3000/" "Mozilla/5.0 (Windows NT 10.0; Win64; x64) AppleWebKit/537.36 (KHTML, like Gecko) Chrome/156.0.8078.4 Safari/537.36"
[2026-10-10 21:15:38] info: ::1 - - "GET /api/wishes/7276qbjz HTTP/1.1" 200 237 "http://localhost:3000/" "Mozilla/5.0 (Windows NT 10.0; Win64; x64) AppleWebKit/537.36 (KHTML, like Gecko) Chrome/156.0.8078.4 Safari/537.36"
[2026-10-10 21:15:38] info: ::1 - - "POST /api/wishes/7276qbjz/manage HTTP/1.1" 200 50 "http://localhost:3000/" "Mozilla/5.0 (Windows NT 10.0; Win64; x64) AppleWebKit/537.36 (KHTML, like Gecko) Chrome/156.0.8078.4 Safari/537.36"
[2026-10-10 21:15:38] info: ::1 - - "POST /api/wishes/7276qbjz/deactivate HTTP/1.1" 200 16 "http://localhost:3000/" "Mozilla/5.0 (Windows NT 10.0; Win64; x64) AppleWebKit/537.36 (KHTML, like Gecko) Chrome/156.0.8078.4 Safari/537.36"
[2026-10-10 21:15:38] info: WebSocket client connected: XsVbi_tbyYjD5umaAAAC
[2026-10-10 21:15:39] info: ::1 - - "GET /api/wishes?q=UPDATED+text+1791666937942&ignore_attributes=1 HTTP/1.1" 200 2 "http://localhost:3000/" "Mozilla/5.0 (Windows NT 10.0; Win64; x64) AppleWebKit/537.36 (KHTML, like Gecko) Chrome/156.0.8078.4 Safari/537.36"
[2026-10-10 21:15:39] info: ::1 - - "GET /api/wishes/7276qbjz HTTP/1.1" 200 237 "http://localhost:3000/" "Mozilla/5.0 (Windows NT 10.0; Win64; x64) AppleWebKit/537.36 (KHTML, like Gecko) Chrome/156.0.8078.4 Safari/537.36"
[2026-10-10 21:15:39] info: ::1 - - "POST /api/wishes/7276qbjz/reactivate HTTP/1.1" 200 16 "http://localhost:3000/" "Mozilla/5.0 (Windows NT 10.0; Win64; x64) AppleWebKit/537.36 (KHTML, like Gecko) Chrome/156.0.8078.4 Safari/537.36"
[2026-10-10 21:15:39] info: ::1 - - "GET /api/wishes?q=UPDATED+text+1791666937942&ignore_attributes=1 HTTP/1.1" 200 177 "http://localhost:3000/" "Mozilla/5.0 (Windows NT 10.0; Win64; x64) AppleWebKit/537.36 (KHTML, like Gecko) Chrome/156.0.8078.4 Safari/537.36"
[2026-10-10 21:15:39] info: WebSocket client disconnected: XsVbi_tbyYjD5umaAAAC
[2026-10-10 21:15:39] info: ::1 - - "GET / HTTP/1.1" 200 698 "-" "Mozilla/5.0 (Windows NT 10.0; Win64; x64) AppleWebKit/537.36 (KHTML, like Gecko) Chrome/156.0.8078.4 Safari/537.36"
[2026-10-10 21:15:39] info: ::1 - - "GET /theme.css HTTP/1.1" 200 415 "http://localhost:3000/" "Mozilla/5.0 (Windows NT 10.0; Win64; x64) AppleWebKit/537.36 (KHTML, like Gecko) Chrome/156.0.8078.4 Safari/537.36"
[2026-10-10 21:15:39] info: ::1 - - "GET /assets/index-DfIzgRz4.css HTTP/1.1" 200 19113 "http://localhost:3000/" "Mozilla/5.0 (Windows NT 10.0; Win64; x64) AppleWebKit/537.36 (KHTML, like Gecko) Chrome/156.0.8078.4 Safari/537.36"
[2026-10-10 21:15:39] info: ::1 - - "GET /assets/rolldown-runtime-C0FnF6B9.js HTTP/1.1" 200 1291 "http://localhost:3000/" "Mozilla/5.0 (Windows NT 10.0; Win64; x64) AppleWebKit/537.36 (KHTML, like Gecko) Chrome/156.0.8078.4 Safari/537.36"
[2026-10-10 21:15:39] info: ::1 - - "GET /assets/jsx-runtime-CKeovgl0.js HTTP/1.1" 200 7899 "http://localhost:3000/" "Mozilla/5.0 (Windows NT 10.0; Win64; x64) AppleWebKit/537.36 (KHTML, like Gecko) Chrome/156.0.8078.4 Safari/537.36"
[2026-10-10 21:15:39] info: ::1 - - "GET /assets/index-DRJ4-Rlb.js HTTP/1.1" 200 733104 "http://localhost:3000/" "Mozilla/5.0 (Windows NT 10.0; Win64; x64) AppleWebKit/537.36 (KHTML, like Gecko) Chrome/156.0.8078.4 Safari/537.36"
[2026-10-10 21:15:39] info: ::1 - - "GET /api/config HTTP/1.1" 200 12659 "http://localhost:3000/" "Mozilla/5.0 (Windows NT 10.0; Win64; x64) AppleWebKit/537.36 (KHTML, like Gecko) Chrome/156.0.8078.4 Safari/537.36"
[2026-10-10 21:15:39] info: ::1 - - "GET /api/config HTTP/1.1" 304 - "http://localhost:3000/" "Mozilla/5.0 (Windows NT 10.0; Win64; x64) AppleWebKit/537.36 (KHTML, like Gecko) Chrome/156.0.8078.4 Safari/537.36"
[2026-10-10 21:15:39] info: ::1 - - "GET /fonts/NotoColorEmoji.ttf HTTP/1.1" 200 10730124 "http://localhost:3000/assets/index-DfIzgRz4.css" "Mozilla/5.0 (Windows NT 10.0; Win64; x64) AppleWebKit/537.36 (KHTML, like Gecko) Chrome/156.0.8078.4 Safari/537.36"
[2026-10-10 21:15:39] info: Wish created {"user_id":null,"wish_id":"7zqapnkz"}
[2026-10-10 21:15:39] info: ::1 - - "POST /api/wishes HTTP/1.1" 201 46 "http://localhost:3000/" "Mozilla/5.0 (Windows NT 10.0; Win64; x64) AppleWebKit/537.36 (KHTML, like Gecko) Chrome/156.0.8078.4 Safari/537.36"
[2026-10-10 21:15:40] info: WebSocket client connected: uVWD3jzXERTwIFWLAAAD
[2026-10-10 21:15:40] info: ::1 - - "GET /api/wishes?q=Target+Wish+1791666939419&ignore_attributes=1 HTTP/1.1" 200 168 "http://localhost:3000/" "Mozilla/5.0 (Windows NT 10.0; Win64; x64) AppleWebKit/537.36 (KHTML, like Gecko) Chrome/156.0.8078.4 Safari/537.36"
[2026-10-10 21:15:40] info: Wishmail sent {"sender_id":null,"target_wish_id":"7zqapnkz"}
[2026-10-10 21:15:40] info: ::1 - - "POST /api/wishes/7zqapnkz/mail HTTP/1.1" 200 32 "http://localhost:3000/" "Mozilla/5.0 (Windows NT 10.0; Win64; x64) AppleWebKit/537.36 (KHTML, like Gecko) Chrome/156.0.8078.4 Safari/537.36"
[2026-10-10 21:15:42] info: ::1 - - "GET /api/wishes/7zqapnkz/mail HTTP/1.1" 200 167 "http://localhost:3000/" "Mozilla/5.0 (Windows NT 10.0; Win64; x64) AppleWebKit/537.36 (KHTML, like Gecko) Chrome/156.0.8078.4 Safari/537.36"
[2026-10-10 21:15:43] info: WebSocket client disconnected: uVWD3jzXERTwIFWLAAAD
[2026-10-10 21:15:44] info: ::1 - - "GET / HTTP/1.1" 200 698 "-" "Mozilla/5.0 (Windows NT 10.0; Win64; x64) AppleWebKit/537.36 (KHTML, like Gecko) Chrome/156.0.8078.4 Safari/537.36"
[2026-10-10 21:15:44] info: ::1 - - "GET /theme.css HTTP/1.1" 200 415 "http://localhost:3000/" "Mozilla/5.0 (Windows NT 10.0; Win64; x64) AppleWebKit/537.36 (KHTML, like Gecko) Chrome/156.0.8078.4 Safari/537.36"
[2026-10-10 21:15:44] info: ::1 - - "GET /assets/index-DfIzgRz4.css HTTP/1.1" 200 19113 "http://localhost:3000/" "Mozilla/5.0 (Windows NT 10.0; Win64; x64) AppleWebKit/537.36 (KHTML, like Gecko) Chrome/156.0.8078.4 Safari/537.36"
[2026-10-10 21:15:44] info: ::1 - - "GET /assets/rolldown-runtime-C0FnF6B9.js HTTP/1.1" 200 1291 "http://localhost:3000/" "Mozilla/5.0 (Windows NT 10.0; Win64; x64) AppleWebKit/537.36 (KHTML, like Gecko) Chrome/156.0.8078.4 Safari/537.36"
[2026-10-10 21:15:44] info: ::1 - - "GET /assets/jsx-runtime-CKeovgl0.js HTTP/1.1" 200 7899 "http://localhost:3000/" "Mozilla/5.0 (Windows NT 10.0; Win64; x64) AppleWebKit/537.36 (KHTML, like Gecko) Chrome/156.0.8078.4 Safari/537.36"
[2026-10-10 21:15:44] info: ::1 - - "GET /assets/index-DRJ4-Rlb.js HTTP/1.1" 200 733104 "http://localhost:3000/" "Mozilla/5.0 (Windows NT 10.0; Win64; x64) AppleWebKit/537.36 (KHTML, like Gecko) Chrome/156.0.8078.4 Safari/537.36"
[2026-10-10 21:15:44] info: ::1 - - "GET /api/config HTTP/1.1" 200 12659 "http://localhost:3000/" "Mozilla/5.0 (Windows NT 10.0; Win64; x64) AppleWebKit/537.36 (KHTML, like Gecko) Chrome/156.0.8078.4 Safari/537.36"
[2026-10-10 21:15:44] info: ::1 - - "GET /api/config HTTP/1.1" 304 - "http://localhost:3000/" "Mozilla/5.0 (Windows NT 10.0; Win64; x64) AppleWebKit/537.36 (KHTML, like Gecko) Chrome/156.0.8078.4 Safari/537.36"
[2026-10-10 21:15:44] info: ::1 - - "GET /fonts/NotoColorEmoji.ttf HTTP/1.1" 200 10730124 "http://localhost:3000/assets/index-DfIzgRz4.css" "Mozilla/5.0 (Windows NT 10.0; Win64; x64) AppleWebKit/537.36 (KHTML, like Gecko) Chrome/156.0.8078.4 Safari/537.36"
[2026-10-10 21:15:45] info: ::1 - - "GET /assets/WishScanner-SKR3iut2.js HTTP/1.1" 200 5900 "http://localhost:3000/" "Mozilla/5.0 (Windows NT 10.0; Win64; x64) AppleWebKit/537.36 (KHTML, like Gecko) Chrome/156.0.8078.4 Safari/537.36"
[2026-10-10 21:15:45] info: ::1 - - "POST /api/rules/check-conflicts HTTP/1.1" 200 16 "http://localhost:3000/" "Mozilla/5.0 (Windows NT 10.0; Win64; x64) AppleWebKit/537.36 (KHTML, like Gecko) Chrome/156.0.8078.4 Safari/537.36"
[2026-10-10 21:15:45] info: ::1 - - "POST /api/rules/check-conflicts HTTP/1.1" 200 16 "http://localhost:3000/" "Mozilla/5.0 (Windows NT 10.0; Win64; x64) AppleWebKit/537.36 (KHTML, like Gecko) Chrome/156.0.8078.4 Safari/537.36"
[2026-10-10 21:15:45] info: ::1 - - "GET /assets/cardProcessor-CtEr0-3t.js HTTP/1.1" 200 15584883 "http://localhost:3000/" "Mozilla/5.0 (Windows NT 10.0; Win64; x64) AppleWebKit/537.36 (KHTML, like Gecko) Chrome/156.0.8078.4 Safari/537.36"
[2026-10-10 21:15:52] info: ::1 - - "GET / HTTP/1.1" 200 698 "-" "Mozilla/5.0 (Macintosh; Intel Mac OS X 10_15_7) AppleWebKit/605.1.15 (KHTML, like Gecko) Version/27.2 Safari/605.1.15"
[2026-10-10 21:15:52] info: ::1 - - "GET /theme.css HTTP/1.1" 200 415 "http://localhost:3000/" "Mozilla/5.0 (Macintosh; Intel Mac OS X 10_15_7) AppleWebKit/605.1.15 (KHTML, like Gecko) Version/27.2 Safari/605.1.15"
[2026-10-10 21:15:52] info: ::1 - - "GET /assets/jsx-runtime-CKeovgl0.js HTTP/1.1" 200 7899 "http://localhost:3000/" "Mozilla/5.0 (Macintosh; Intel Mac OS X 10_15_7) AppleWebKit/605.1.15 (KHTML, like Gecko) Version/27.2 Safari/605.1.15"
[2026-10-10 21:15:52] info: ::1 - - "GET /assets/rolldown-runtime-C0FnF6B9.js HTTP/1.1" 200 1291 "http://localhost:3000/" "Mozilla/5.0 (Macintosh; Intel Mac OS X 10_15_7) AppleWebKit/605.1.15 (KHTML, like Gecko) Version/27.2 Safari/605.1.15"
[2026-10-10 21:15:52] info: ::1 - - "GET /assets/index-DfIzgRz4.css HTTP/1.1" 200 19113 "http://localhost:3000/" "Mozilla/5.0 (Macintosh; Intel Mac OS X 10_15_7) AppleWebKit/605.1.15 (KHTML, like Gecko) Version/27.2 Safari/605.1.15"
[2026-10-10 21:15:52] info: ::1 - - "GET /assets/index-DRJ4-Rlb.js HTTP/1.1" 200 733104 "http://localhost:3000/" "Mozilla/5.0 (Macintosh; Intel Mac OS X 10_15_7) AppleWebKit/605.1.15 (KHTML, like Gecko) Version/27.2 Safari/605.1.15"
[2026-10-10 21:15:52] info: ::1 - - "GET /api/config HTTP/1.1" 200 12659 "http://localhost:3000/" "Mozilla/5.0 (Macintosh; Intel Mac OS X 10_15_7) AppleWebKit/605.1.15 (KHTML, like Gecko) Version/27.2 Safari/605.1.15"
[2026-10-10 21:15:52] info: ::1 - - "GET /api/config HTTP/1.1" 200 12659 "http://localhost:3000/" "Mozilla/5.0 (Macintosh; Intel Mac OS X 10_15_7) AppleWebKit/605.1.15 (KHTML, like Gecko) Version/27.2 Safari/605.1.15"
[2026-10-10 21:15:52] warn: Failed login attempt {"username":"admin","ip":"::1"}
[2026-10-10 21:15:52] info: ::1 - - "POST /api/users/login HTTP/1.1" 401 43 "http://localhost:3000/" "Mozilla/5.0 (Macintosh; Intel Mac OS X 10_15_7) AppleWebKit/605.1.15 (KHTML, like Gecko) Version/27.2 Safari/605.1.15"
[2026-10-10 21:15:59] info: ::1 - - "GET / HTTP/1.1" 200 698 "-" "Mozilla/5.0 (Macintosh; Intel Mac OS X 10_15_7) AppleWebKit/605.1.15 (KHTML, like Gecko) Version/27.2 Safari/605.1.15"
[2026-10-10 21:15:59] info: ::1 - - "GET /theme.css HTTP/1.1" 200 415 "http://localhost:3000/" "Mozilla/5.0 (Macintosh; Intel Mac OS X 10_15_7) AppleWebKit/605.1.15 (KHTML, like Gecko) Version/27.2 Safari/605.1.15"
[2026-10-10 21:15:59] info: ::1 - - "GET /assets/rolldown-runtime-C0FnF6B9.js HTTP/1.1" 200 1291 "http://localhost:3000/" "Mozilla/5.0 (Macintosh; Intel Mac OS X 10_15_7) AppleWebKit/605.1.15 (KHTML, like Gecko) Version/27.2 Safari/605.1.15"
[2026-10-10 21:15:59] info: ::1 - - "GET /assets/jsx-runtime-CKeovgl0.js HTTP/1.1" 200 7899 "http://localhost:3000/" "Mozilla/5.0 (Macintosh; Intel Mac OS X 10_15_7) AppleWebKit/605.1.15 (KHTML, like Gecko) Version/27.2 Safari/605.1.15"
[2026-10-10 21:15:59] info: ::1 - - "GET /assets/index-DfIzgRz4.css HTTP/1.1" 200 19113 "http://localhost:3000/" "Mozilla/5.0 (Macintosh; Intel Mac OS X 10_15_7) AppleWebKit/605.1.15 (KHTML, like Gecko) Version/27.2 Safari/605.1.15"
[2026-10-10 21:15:59] info: ::1 - - "GET /assets/index-DRJ4-Rlb.js HTTP/1.1" 200 733104 "http://localhost:3000/" "Mozilla/5.0 (Macintosh; Intel Mac OS X 10_15_7) AppleWebKit/605.1.15 (KHTML, like Gecko) Version/27.2 Safari/605.1.15"
[2026-10-10 21:15:59] info: ::1 - - "GET /api/config HTTP/1.1" 200 12659 "http://localhost:3000/" "Mozilla/5.0 (Macintosh; Intel Mac OS X 10_15_7) AppleWebKit/605.1.15 (KHTML, like Gecko) Version/27.2 Safari/605.1.15"
[2026-10-10 21:15:59] info: ::1 - - "GET /api/config HTTP/1.1" 200 12659 "http://localhost:3000/" "Mozilla/5.0 (Macintosh; Intel Mac OS X 10_15_7) AppleWebKit/605.1.15 (KHTML, like Gecko) Version/27.2 Safari/605.1.15"
[2026-10-10 21:15:59] info: ::1 - - "GET /fonts/NotoColorEmoji.ttf HTTP/1.1" 200 10730124 "http://localhost:3000/" "Mozilla/5.0 (Macintosh; Intel Mac OS X 10_15_7) AppleWebKit/605.1.15 (KHTML, like Gecko) Version/27.2 Safari/605.1.15"
[2026-10-10 21:16:00] info: ::1 - - "POST /api/rules/check-conflicts HTTP/1.1" 200 16 "http://localhost:3000/" "Mozilla/5.0 (Macintosh; Intel Mac OS X 10_15_7) AppleWebKit/605.1.15 (KHTML, like Gecko) Version/27.2 Safari/605.1.15"
[2026-10-10 21:16:00] info: ::1 - - "POST /api/rules/check-conflicts HTTP/1.1" 200 16 "http://localhost:3000/" "Mozilla/5.0 (Macintosh; Intel Mac OS X 10_15_7) AppleWebKit/605.1.15 (KHTML, like Gecko) Version/27.2 Safari/605.1.15"
[2026-10-10 21:16:01] info: Wish created {"user_id":null,"wish_id":"htbutblr"}
[2026-10-10 21:16:01] info: ::1 - - "POST /api/wishes HTTP/1.1" 201 45 "http://localhost:3000/" "Mozilla/5.0 (Macintosh; Intel Mac OS X 10_15_7) AppleWebKit/605.1.15 (KHTML, like Gecko) Version/27.2 Safari/605.1.15"
[2026-10-10 21:16:01] info: ::1 - - "POST /api/rules/check-conflicts HTTP/1.1" 200 16 "http://localhost:3000/" "Mozilla/5.0 (Macintosh; Intel Mac OS X 10_15_7) AppleWebKit/605.1.15 (KHTML, like Gecko) Version/27.2 Safari/605.1.15"
[2026-10-10 21:16:01] info: ::1 - - "POST /api/rules/check-conflicts HTTP/1.1" 200 16 "http://localhost:3000/" "Mozilla/5.0 (Macintosh; Intel Mac OS X 10_15_7) AppleWebKit/605.1.15 (KHTML, like Gecko) Version/27.2 Safari/605.1.15"
[2026-10-10 21:16:01] info: WebSocket client connected: clU-_BNKOpm6shghAAAE
[2026-10-10 21:16:02] info: ::1 - - "GET /api/wishes?q=Spontaneous+road+trip&attributes=%7B%22gender%22%3A%22non-binary%22%2C%22orientation%22%3A%22queer%22%2C%22role%22%3A%22switch%22%7D HTTP/1.1" 200 1057 "http://localhost:3000/" "Mozilla/5.0 (Macintosh; Intel Mac OS X 10_15_7) AppleWebKit/605.1.15 (KHTML, like Gecko) Version/27.2 Safari/605.1.15"
[2026-10-10 21:16:03] warn: Failed login attempt {"username":"admin","ip":"::1"}
[2026-10-10 21:16:03] info: ::1 - - "POST /api/users/login HTTP/1.1" 401 43 "http://localhost:3000/" "Mozilla/5.0 (Macintosh; Intel Mac OS X 10_15_7) AppleWebKit/605.1.15 (KHTML, like Gecko) Version/27.2 Safari/605.1.15"
[2026-10-10 21:16:08] info: WebSocket client disconnected: clU-_BNKOpm6shghAAAE
[2026-10-10 21:16:09] info: ::1 - - "GET / HTTP/1.1" 200 698 "-" "Mozilla/5.0 (Macintosh; Intel Mac OS X 10_15_7) AppleWebKit/605.1.15 (KHTML, like Gecko) Version/27.2 Safari/605.1.15"
[2026-10-10 21:16:09] info: ::1 - - "GET /theme.css HTTP/1.1" 200 415 "http://localhost:3000/" "Mozilla/5.0 (Macintosh; Intel Mac OS X 10_15_7) AppleWebKit/605.1.15 (KHTML, like Gecko) Version/27.2 Safari/605.1.15"
[2026-10-10 21:16:09] info: ::1 - - "GET /assets/rolldown-runtime-C0FnF6B9.js HTTP/1.1" 200 1291 "http://localhost:3000/" "Mozilla/5.0 (Macintosh; Intel Mac OS X 10_15_7) AppleWebKit/605.1.15 (KHTML, like Gecko) Version/27.2 Safari/605.1.15"
[2026-10-10 21:16:09] info: ::1 - - "GET /assets/jsx-runtime-CKeovgl0.js HTTP/1.1" 200 7899 "http://localhost:3000/" "Mozilla/5.0 (Macintosh; Intel Mac OS X 10_15_7) AppleWebKit/605.1.15 (KHTML, like Gecko) Version/27.2 Safari/605.1.15"
[2026-10-10 21:16:09] info: ::1 - - "GET /assets/index-DfIzgRz4.css HTTP/1.1" 200 19113 "http://localhost:3000/" "Mozilla/5.0 (Macintosh; Intel Mac OS X 10_15_7) AppleWebKit/605.1.15 (KHTML, like Gecko) Version/27.2 Safari/605.1.15"
[2026-10-10 21:16:09] info: ::1 - - "GET /assets/index-DRJ4-Rlb.js HTTP/1.1" 200 733104 "http://localhost:3000/" "Mozilla/5.0 (Macintosh; Intel Mac OS X 10_15_7) AppleWebKit/605.1.15 (KHTML, like Gecko) Version/27.2 Safari/605.1.15"
[2026-10-10 21:16:09] info: ::1 - - "GET /api/config HTTP/1.1" 200 12659 "http://localhost:3000/" "Mozilla/5.0 (Macintosh; Intel Mac OS X 10_15_7) AppleWebKit/605.1.15 (KHTML, like Gecko) Version/27.2 Safari/605.1.15"
[2026-10-10 21:16:09] info: ::1 - - "GET /api/config HTTP/1.1" 200 12659 "http://localhost:3000/" "Mozilla/5.0 (Macintosh; Intel Mac OS X 10_15_7) AppleWebKit/605.1.15 (KHTML, like Gecko) Version/27.2 Safari/605.1.15"
[2026-10-10 21:16:09] info: ::1 - - "GET /fonts/NotoColorEmoji.ttf HTTP/1.1" 200 10730124 "http://localhost:3000/" "Mozilla/5.0 (Macintosh; Intel Mac OS X 10_15_7) AppleWebKit/605.1.15 (KHTML, like Gecko) Version/27.2 Safari/605.1.15"
[2026-10-10 21:16:10] info: ::1 - - "POST /api/rules/check-conflicts HTTP/1.1" 200 16 "http://localhost:3000/" "Mozilla/5.0 (Macintosh; Intel Mac OS X 10_15_7) AppleWebKit/605.1.15 (KHTML, like Gecko) Version/27.2 Safari/605.1.15"
[2026-10-10 21:16:10] info: ::1 - - "GET /api/users/exists?username=testuser_1791666969630 HTTP/1.1" 200 16 "http://localhost:3000/" "Mozilla/5.0 (Macintosh; Intel Mac OS X 10_15_7) AppleWebKit/605.1.15 (KHTML, like Gecko) Version/27.2 Safari/605.1.15"
[2026-10-10 21:16:10] info: ::1 - - "POST /api/rules/check-conflicts HTTP/1.1" 200 16 "http://localhost:3000/" "Mozilla/5.0 (Macintosh; Intel Mac OS X 10_15_7) AppleWebKit/605.1.15 (KHTML, like Gecko) Version/27.2 Safari/605.1.15"
[2026-10-10 21:16:11] info: New user registered {"user_id":"gli8qsyt","username":"testuser_1791666969630"}
[2026-10-10 21:16:11] info: ::1 - - "POST /api/users/register HTTP/1.1" 200 319 "http://localhost:3000/" "Mozilla/5.0 (Macintosh; Intel Mac OS X 10_15_7) AppleWebKit/605.1.15 (KHTML, like Gecko) Version/27.2 Safari/605.1.15"
[2026-10-10 21:16:11] info: ::1 - - "GET /api/users/me/wishes HTTP/1.1" 200 2 "http://localhost:3000/" "Mozilla/5.0 (Macintosh; Intel Mac OS X 10_15_7) AppleWebKit/605.1.15 (KHTML, like Gecko) Version/27.2 Safari/605.1.15"
[2026-10-10 21:16:11] info: ::1 - - "GET /api/wishes/exclusions HTTP/1.1" 200 2 "http://localhost:3000/" "Mozilla/5.0 (Macintosh; Intel Mac OS X 10_15_7) AppleWebKit/605.1.15 (KHTML, like Gecko) Version/27.2 Safari/605.1.15"
[2026-10-10 21:16:11] info: ::1 - - "GET /api/users/me HTTP/1.1" 200 223 "http://localhost:3000/" "Mozilla/5.0 (Macintosh; Intel Mac OS X 10_15_7) AppleWebKit/605.1.15 (KHTML, like Gecko) Version/27.2 Safari/605.1.15"
[2026-10-10 21:16:11] info: ::1 - - "GET /api/users/me/wishes HTTP/1.1" 200 2 "http://localhost:3000/" "Mozilla/5.0 (Macintosh; Intel Mac OS X 10_15_7) AppleWebKit/605.1.15 (KHTML, like Gecko) Version/27.2 Safari/605.1.15"
[2026-10-10 21:16:11] info: ::1 - - "GET /api/wishes/exclusions HTTP/1.1" 200 2 "http://localhost:3000/" "Mozilla/5.0 (Macintosh; Intel Mac OS X 10_15_7) AppleWebKit/605.1.15 (KHTML, like Gecko) Version/27.2 Safari/605.1.15"
[2026-10-10 21:16:11] info: ::1 - - "POST /api/rules/check-conflicts HTTP/1.1" 200 16 "http://localhost:3000/" "Mozilla/5.0 (Macintosh; Intel Mac OS X 10_15_7) AppleWebKit/605.1.15 (KHTML, like Gecko) Version/27.2 Safari/605.1.15"
[2026-10-10 21:16:11] info: ::1 - - "POST /api/rules/check-conflicts HTTP/1.1" 200 16 "http://localhost:3000/" "Mozilla/5.0 (Macintosh; Intel Mac OS X 10_15_7) AppleWebKit/605.1.15 (KHTML, like Gecko) Version/27.2 Safari/605.1.15"
[2026-10-10 21:16:12] info: Wish created {"user_id":"gli8qsyt","wish_id":"5qjusheo"}
[2026-10-10 21:16:12] info: ::1 - - "POST /api/wishes HTTP/1.1" 201 31 "http://localhost:3000/" "Mozilla/5.0 (Macintosh; Intel Mac OS X 10_15_7) AppleWebKit/605.1.15 (KHTML, like Gecko) Version/27.2 Safari/605.1.15"
[2026-10-10 21:16:12] info: ::1 - - "POST /api/rules/check-conflicts HTTP/1.1" 200 16 "http://localhost:3000/" "Mozilla/5.0 (Macintosh; Intel Mac OS X 10_15_7) AppleWebKit/605.1.15 (KHTML, like Gecko) Version/27.2 Safari/605.1.15"
[2026-10-10 21:16:12] info: ::1 - - "GET /api/users/me/wishes HTTP/1.1" 200 407 "http://localhost:3000/" "Mozilla/5.0 (Macintosh; Intel Mac OS X 10_15_7) AppleWebKit/605.1.15 (KHTML, like Gecko) Version/27.2 Safari/605.1.15"
[2026-10-10 21:16:12] info: ::1 - - "GET /api/wishes/exclusions HTTP/1.1" 200 2 "http://localhost:3000/" "Mozilla/5.0 (Macintosh; Intel Mac OS X 10_15_7) AppleWebKit/605.1.15 (KHTML, like Gecko) Version/27.2 Safari/605.1.15"
[2026-10-10 21:16:13] info: ::1 - - "POST /api/rules/check-conflicts HTTP/1.1" 200 16 "http://localhost:3000/" "Mozilla/5.0 (Macintosh; Intel Mac OS X 10_15_7) AppleWebKit/605.1.15 (KHTML, like Gecko) Version/27.2 Safari/605.1.15"
[2026-10-10 21:16:14] info: ::1 - - "POST /api/rules/check-conflicts HTTP/1.1" 200 16 "http://localhost:3000/" "Mozilla/5.0 (Macintosh; Intel Mac OS X 10_15_7) AppleWebKit/605.1.15 (KHTML, like Gecko) Version/27.2 Safari/605.1.15"
[2026-10-10 21:16:14] info: ::1 - - "GET /api/users/exists?username=testuser_1791666969630 HTTP/1.1" 200 15 "http://localhost:3000/" "Mozilla/5.0 (Macintosh; Intel Mac OS X 10_15_7) AppleWebKit/605.1.15 (KHTML, like Gecko) Version/27.2 Safari/605.1.15"
[2026-10-10 21:16:14] info: Successful login {"username":"testuser_1791666969630","ip":"::1"}
[2026-10-10 21:16:14] info: ::1 - - "POST /api/users/login HTTP/1.1" 200 282 "http://localhost:3000/" "Mozilla/5.0 (Macintosh; Intel Mac OS X 10_15_7) AppleWebKit/605.1.15 (KHTML, like Gecko) Version/27.2 Safari/605.1.15"
[2026-10-10 21:16:14] info: ::1 - - "GET /api/users/me/wishes HTTP/1.1" 200 407 "http://localhost:3000/" "Mozilla/5.0 (Macintosh; Intel Mac OS X 10_15_7) AppleWebKit/605.1.15 (KHTML, like Gecko) Version/27.2 Safari/605.1.15"
[2026-10-10 21:16:14] info: ::1 - - "GET /api/wishes/exclusions HTTP/1.1" 200 2 "http://localhost:3000/" "Mozilla/5.0 (Macintosh; Intel Mac OS X 10_15_7) AppleWebKit/605.1.15 (KHTML, like Gecko) Version/27.2 Safari/605.1.15"
[2026-10-10 21:16:14] info: ::1 - - "GET /api/users/me HTTP/1.1" 200 223 "http://localhost:3000/" "Mozilla/5.0 (Macintosh; Intel Mac OS X 10_15_7) AppleWebKit/605.1.15 (KHTML, like Gecko) Version/27.2 Safari/605.1.15"
[2026-10-10 21:16:14] info: ::1 - - "GET /api/users/me/wishes HTTP/1.1" 200 407 "http://localhost:3000/" "Mozilla/5.0 (Macintosh; Intel Mac OS X 10_15_7) AppleWebKit/605.1.15 (KHTML, like Gecko) Version/27.2 Safari/605.1.15"
[2026-10-10 21:16:14] info: ::1 - - "GET /api/wishes/exclusions HTTP/1.1" 200 2 "http://localhost:3000/" "Mozilla/5.0 (Macintosh; Intel Mac OS X 10_15_7) AppleWebKit/605.1.15 (KHTML, like Gecko) Version/27.2 Safari/605.1.15"
[2026-10-10 21:16:14] info: ::1 - - "GET / HTTP/1.1" 200 698 "-" "Mozilla/5.0 (Macintosh; Intel Mac OS X 10_15_7) AppleWebKit/605.1.15 (KHTML, like Gecko) Version/27.2 Safari/605.1.15"
[2026-10-10 21:16:14] info: ::1 - - "GET /theme.css HTTP/1.1" 200 415 "http://localhost:3000/" "Mozilla/5.0 (Macintosh; Intel Mac OS X 10_15_7) AppleWebKit/605.1.15 (KHTML, like Gecko) Version/27.2 Safari/605.1.15"
[2026-10-10 21:16:14] info: ::1 - - "GET /assets/rolldown-runtime-C0FnF6B9.js HTTP/1.1" 200 1291 "http://localhost:3000/" "Mozilla/5.0 (Macintosh; Intel Mac OS X 10_15_7) AppleWebKit/605.1.15 (KHTML, like Gecko) Version/27.2 Safari/605.1.15"
[2026-10-10 21:16:14] info: ::1 - - "GET /assets/jsx-runtime-CKeovgl0.js HTTP/1.1" 200 7899 "http://localhost:3000/" "Mozilla/5.0 (Macintosh; Intel Mac OS X 10_15_7) AppleWebKit/605.1.15 (KHTML, like Gecko) Version/27.2 Safari/605.1.15"
[2026-10-10 21:16:14] info: ::1 - - "GET /assets/index-DfIzgRz4.css HTTP/1.1" 200 19113 "http://localhost:3000/" "Mozilla/5.0 (Macintosh; Intel Mac OS X 10_15_7) AppleWebKit/605.1.15 (KHTML, like Gecko) Version/27.2 Safari/605.1.15"
[2026-10-10 21:16:14] info: ::1 - - "GET /assets/index-DRJ4-Rlb.js HTTP/1.1" 200 733104 "http://localhost:3000/" "Mozilla/5.0 (Macintosh; Intel Mac OS X 10_15_7) AppleWebKit/605.1.15 (KHTML, like Gecko) Version/27.2 Safari/605.1.15"
[2026-10-10 21:16:15] info: ::1 - - "GET /api/config HTTP/1.1" 200 12659 "http://localhost:3000/" "Mozilla/5.0 (Macintosh; Intel Mac OS X 10_15_7) AppleWebKit/605.1.15 (KHTML, like Gecko) Version/27.2 Safari/605.1.15"
[2026-10-10 21:16:15] info: ::1 - - "GET /api/config HTTP/1.1" 200 12659 "http://localhost:3000/" "Mozilla/5.0 (Macintosh; Intel Mac OS X 10_15_7) AppleWebKit/605.1.15 (KHTML, like Gecko) Version/27.2 Safari/605.1.15"
[2026-10-10 21:16:15] info: ::1 - - "GET /fonts/NotoColorEmoji.ttf HTTP/1.1" 200 10730124 "http://localhost:3000/" "Mozilla/5.0 (Macintosh; Intel Mac OS X 10_15_7) AppleWebKit/605.1.15 (KHTML, like Gecko) Version/27.2 Safari/605.1.15"
[2026-10-10 21:16:15] info: ::1 - - "POST /api/rules/check-conflicts HTTP/1.1" 200 16 "http://localhost:3000/" "Mozilla/5.0 (Macintosh; Intel Mac OS X 10_15_7) AppleWebKit/605.1.15 (KHTML, like Gecko) Version/27.2 Safari/605.1.15"
[2026-10-10 21:16:15] info: ::1 - - "POST /api/rules/check-conflicts HTTP/1.1" 200 16 "http://localhost:3000/" "Mozilla/5.0 (Macintosh; Intel Mac OS X 10_15_7) AppleWebKit/605.1.15 (KHTML, like Gecko) Version/27.2 Safari/605.1.15"
[2026-10-10 21:16:16] info: Wish created {"user_id":null,"wish_id":"pq9r5k7f"}
[2026-10-10 21:16:16] info: ::1 - - "POST /api/wishes HTTP/1.1" 201 43 "http://localhost:3000/" "Mozilla/5.0 (Macintosh; Intel Mac OS X 10_15_7) AppleWebKit/605.1.15 (KHTML, like Gecko) Version/27.2 Safari/605.1.15"
[2026-10-10 21:16:16] info: ::1 - - "POST /api/rules/check-conflicts HTTP/1.1" 200 16 "http://localhost:3000/" "Mozilla/5.0 (Macintosh; Intel Mac OS X 10_15_7) AppleWebKit/605.1.15 (KHTML, like Gecko) Version/27.2 Safari/605.1.15"
[2026-10-10 21:16:16] info: ::1 - - "POST /api/rules/check-conflicts HTTP/1.1" 200 16 "http://localhost:3000/" "Mozilla/5.0 (Macintosh; Intel Mac OS X 10_15_7) AppleWebKit/605.1.15 (KHTML, like Gecko) Version/27.2 Safari/605.1.15"
[2026-10-10 21:16:16] info: WebSocket client connected: QidWkFo39-Cum8qPAAAF
[2026-10-10 21:16:17] info: ::1 - - "GET /api/wishes?q=Flagged+test+wish+content+1791666974904&ignore_attributes=1 HTTP/1.1" 200 174 "http://localhost:3000/" "Mozilla/5.0 (Macintosh; Intel Mac OS X 10_15_7) AppleWebKit/605.1.15 (KHTML, like Gecko) Version/27.2 Safari/605.1.15"
[2026-10-10 21:16:17] warn: Wish flagged for moderation {"wish_id":"pq9r5k7f"}
[2026-10-10 21:16:17] info: ::1 - - "POST /api/wishes/pq9r5k7f/flag HTTP/1.1" 200 16 "http://localhost:3000/" "Mozilla/5.0 (Macintosh; Intel Mac OS X 10_15_7) AppleWebKit/605.1.15 (KHTML, like Gecko) Version/27.2 Safari/605.1.15"
[2026-10-10 21:16:17] warn: Failed login attempt {"username":"admin","ip":"::1"}
[2026-10-10 21:16:17] info: ::1 - - "POST /api/users/login HTTP/1.1" 401 43 "http://localhost:3000/" "Mozilla/5.0 (Macintosh; Intel Mac OS X 10_15_7) AppleWebKit/605.1.15 (KHTML, like Gecko) Version/27.2 Safari/605.1.15"
[2026-10-10 21:17:14] info: WebSocket client disconnected: QidWkFo39-Cum8qPAAAF
[2026-10-10 21:17:16] info: ::1 - - "GET / HTTP/1.1" 200 698 "-" "Mozilla/5.0 (Macintosh; Intel Mac OS X 10_15_7) AppleWebKit/605.1.15 (KHTML, like Gecko) Version/27.2 Safari/605.1.15"
[2026-10-10 21:17:16] info: ::1 - - "GET /theme.css HTTP/1.1" 200 415 "http://localhost:3000/" "Mozilla/5.0 (Macintosh; Intel Mac OS X 10_15_7) AppleWebKit/605.1.15 (KHTML, like Gecko) Version/27.2 Safari/605.1.15"
[2026-10-10 21:17:16] info: ::1 - - "GET /assets/rolldown-runtime-C0FnF6B9.js HTTP/1.1" 200 1291 "http://localhost:3000/" "Mozilla/5.0 (Macintosh; Intel Mac OS X 10_15_7) AppleWebKit/605.1.15 (KHTML, like Gecko) Version/27.2 Safari/605.1.15"
[2026-10-10 21:17:16] info: ::1 - - "GET /assets/jsx-runtime-CKeovgl0.js HTTP/1.1" 200 7899 "http://localhost:3000/" "Mozilla/5.0 (Macintosh; Intel Mac OS X 10_15_7) AppleWebKit/605.1.15 (KHTML, like Gecko) Version/27.2 Safari/605.1.15"
[2026-10-10 21:17:16] info: ::1 - - "GET /assets/index-DfIzgRz4.css HTTP/1.1" 200 19113 "http://localhost:3000/" "Mozilla/5.0 (Macintosh; Intel Mac OS X 10_15_7) AppleWebKit/605.1.15 (KHTML, like Gecko) Version/27.2 Safari/605.1.15"
[2026-10-10 21:17:16] info: ::1 - - "GET /assets/index-DRJ4-Rlb.js HTTP/1.1" 200 733104 "http://localhost:3000/" "Mozilla/5.0 (Macintosh; Intel Mac OS X 10_15_7) AppleWebKit/605.1.15 (KHTML, like Gecko) Version/27.2 Safari/605.1.15"
[2026-10-10 21:17:16] info: ::1 - - "GET /api/config HTTP/1.1" 200 12659 "http://localhost:3000/" "Mozilla/5.0 (Macintosh; Intel Mac OS X 10_15_7) AppleWebKit/605.1.15 (KHTML, like Gecko) Version/27.2 Safari/605.1.15"
[2026-10-10 21:17:16] info: ::1 - - "GET /api/config HTTP/1.1" 200 12659 "http://localhost:3000/" "Mozilla/5.0 (Macintosh; Intel Mac OS X 10_15_7) AppleWebKit/605.1.15 (KHTML, like Gecko) Version/27.2 Safari/605.1.15"
[2026-10-10 21:17:16] info: ::1 - - "GET /fonts/NotoColorEmoji.ttf HTTP/1.1" 200 10730124 "http://localhost:3000/" "Mozilla/5.0 (Macintosh; Intel Mac OS X 10_15_7) AppleWebKit/605.1.15 (KHTML, like Gecko) Version/27.2 Safari/605.1.15"
[2026-10-10 21:17:17] debug: Loaded 51 rules from the database
[2026-10-10 21:17:17] info: ::1 - - "POST /api/rules/check-conflicts HTTP/1.1" 200 16 "http://localhost:3000/" "Mozilla/5.0 (Macintosh; Intel Mac OS X 10_15_7) AppleWebKit/605.1.15 (KHTML, like Gecko) Version/27.2 Safari/605.1.15"
[2026-10-10 21:17:17] info: ::1 - - "POST /api/rules/check-conflicts HTTP/1.1" 200 16 "http://localhost:3000/" "Mozilla/5.0 (Macintosh; Intel Mac OS X 10_15_7) AppleWebKit/605.1.15 (KHTML, like Gecko) Version/27.2 Safari/605.1.15"
[2026-10-10 21:17:17] info: Wish created {"user_id":null,"wish_id":"dsehd9p7"}
[2026-10-10 21:17:17] info: ::1 - - "POST /api/wishes HTTP/1.1" 201 48 "http://localhost:3000/" "Mozilla/5.0 (Macintosh; Intel Mac OS X 10_15_7) AppleWebKit/605.1.15 (KHTML, like Gecko) Version/27.2 Safari/605.1.15"
[2026-10-10 21:17:17] info: ::1 - - "GET /api/wishes/dsehd9p7 HTTP/1.1" 200 237 "http://localhost:3000/" "Mozilla/5.0 (Macintosh; Intel Mac OS X 10_15_7) AppleWebKit/605.1.15 (KHTML, like Gecko) Version/27.2 Safari/605.1.15"
[2026-10-10 21:17:18] info: ::1 - - "POST /api/wishes/dsehd9p7/manage HTTP/1.1" 200 50 "http://localhost:3000/" "Mozilla/5.0 (Macintosh; Intel Mac OS X 10_15_7) AppleWebKit/605.1.15 (KHTML, like Gecko) Version/27.2 Safari/605.1.15"
[2026-10-10 21:17:18] info: ::1 - - "POST /api/wishes/dsehd9p7/deactivate HTTP/1.1" 200 16 "http://localhost:3000/" "Mozilla/5.0 (Macintosh; Intel Mac OS X 10_15_7) AppleWebKit/605.1.15 (KHTML, like Gecko) Version/27.2 Safari/605.1.15"
[2026-10-10 21:17:18] info: WebSocket client connected: UjtloStI6Zo6rA1SAAAG
[2026-10-10 21:17:19] info: ::1 - - "GET /api/wishes?q=UPDATED+text+1791667036088&ignore_attributes=1 HTTP/1.1" 200 2 "http://localhost:3000/" "Mozilla/5.0 (Macintosh; Intel Mac OS X 10_15_7) AppleWebKit/605.1.15 (KHTML, like Gecko) Version/27.2 Safari/605.1.15"
[2026-10-10 21:17:19] info: ::1 - - "GET /api/wishes/dsehd9p7 HTTP/1.1" 200 237 "http://localhost:3000/" "Mozilla/5.0 (Macintosh; Intel Mac OS X 10_15_7) AppleWebKit/605.1.15 (KHTML, like Gecko) Version/27.2 Safari/605.1.15"
[2026-10-10 21:17:19] info: ::1 - - "POST /api/wishes/dsehd9p7/reactivate HTTP/1.1" 200 16 "http://localhost:3000/" "Mozilla/5.0 (Macintosh; Intel Mac OS X 10_15_7) AppleWebKit/605.1.15 (KHTML, like Gecko) Version/27.2 Safari/605.1.15"
[2026-10-10 21:17:20] info: ::1 - - "GET /api/wishes?q=UPDATED+text+1791667036088&ignore_attributes=1 HTTP/1.1" 200 177 "http://localhost:3000/" "Mozilla/5.0 (Macintosh; Intel Mac OS X 10_15_7) AppleWebKit/605.1.15 (KHTML, like Gecko) Version/27.2 Safari/605.1.15"
[2026-10-10 21:17:20] info: WebSocket client disconnected: UjtloStI6Zo6rA1SAAAG
[2026-10-10 21:17:20] info: ::1 - - "GET / HTTP/1.1" 200 698 "-" "Mozilla/5.0 (Macintosh; Intel Mac OS X 10_15_7) AppleWebKit/605.1.15 (KHTML, like Gecko) Version/27.2 Safari/605.1.15"
[2026-10-10 21:17:20] info: ::1 - - "GET /theme.css HTTP/1.1" 200 415 "http://localhost:3000/" "Mozilla/5.0 (Macintosh; Intel Mac OS X 10_15_7) AppleWebKit/605.1.15 (KHTML, like Gecko) Version/27.2 Safari/605.1.15"
[2026-10-10 21:17:20] info: ::1 - - "GET /assets/rolldown-runtime-C0FnF6B9.js HTTP/1.1" 200 1291 "http://localhost:3000/" "Mozilla/5.0 (Macintosh; Intel Mac OS X 10_15_7) AppleWebKit/605.1.15 (KHTML, like Gecko) Version/27.2 Safari/605.1.15"
[2026-10-10 21:17:20] info: ::1 - - "GET /assets/jsx-runtime-CKeovgl0.js HTTP/1.1" 200 7899 "http://localhost:3000/" "Mozilla/5.0 (Macintosh; Intel Mac OS X 10_15_7) AppleWebKit/605.1.15 (KHTML, like Gecko) Version/27.2 Safari/605.1.15"
[2026-10-10 21:17:20] info: ::1 - - "GET /assets/index-DfIzgRz4.css HTTP/1.1" 200 19113 "http://localhost:3000/" "Mozilla/5.0 (Macintosh; Intel Mac OS X 10_15_7) AppleWebKit/605.1.15 (KHTML, like Gecko) Version/27.2 Safari/605.1.15"
[2026-10-10 21:17:20] info: ::1 - - "GET /assets/index-DRJ4-Rlb.js HTTP/1.1" 200 733104 "http://localhost:3000/" "Mozilla/5.0 (Macintosh; Intel Mac OS X 10_15_7) AppleWebKit/605.1.15 (KHTML, like Gecko) Version/27.2 Safari/605.1.15"
[2026-10-10 21:17:20] info: ::1 - - "GET /api/config HTTP/1.1" 200 12659 "http://localhost:3000/" "Mozilla/5.0 (Macintosh; Intel Mac OS X 10_15_7) AppleWebKit/605.1.15 (KHTML, like Gecko) Version/27.2 Safari/605.1.15"
[2026-10-10 21:17:20] info: ::1 - - "GET /api/config HTTP/1.1" 200 12659 "http://localhost:3000/" "Mozilla/5.0 (Macintosh; Intel Mac OS X 10_15_7) AppleWebKit/605.1.15 (KHTML, like Gecko) Version/27.2 Safari/605.1.15"
[2026-10-10 21:17:20] info: ::1 - - "GET /fonts/NotoColorEmoji.ttf HTTP/1.1" 200 10730124 "http://localhost:3000/" "Mozilla/5.0 (Macintosh; Intel Mac OS X 10_15_7) AppleWebKit/605.1.15 (KHTML, like Gecko) Version/27.2 Safari/605.1.15"
[2026-10-10 21:17:21] info: ::1 - - "POST /api/rules/check-conflicts HTTP/1.1" 200 16 "http://localhost:3000/" "Mozilla/5.0 (Macintosh; Intel Mac OS X 10_15_7) AppleWebKit/605.1.15 (KHTML, like Gecko) Version/27.2 Safari/605.1.15"
[2026-10-10 21:17:21] info: ::1 - - "POST /api/rules/check-conflicts HTTP/1.1" 200 16 "http://localhost:3000/" "Mozilla/5.0 (Macintosh; Intel Mac OS X 10_15_7) AppleWebKit/605.1.15 (KHTML, like Gecko) Version/27.2 Safari/605.1.15"
[2026-10-10 21:17:22] info: Wish created {"user_id":null,"wish_id":"elkay44l"}
[2026-10-10 21:17:22] info: ::1 - - "POST /api/wishes HTTP/1.1" 201 46 "http://localhost:3000/" "Mozilla/5.0 (Macintosh; Intel Mac OS X 10_15_7) AppleWebKit/605.1.15 (KHTML, like Gecko) Version/27.2 Safari/605.1.15"
[2026-10-10 21:17:22] info: ::1 - - "POST /api/rules/check-conflicts HTTP/1.1" 200 16 "http://localhost:3000/" "Mozilla/5.0 (Macintosh; Intel Mac OS X 10_15_7) AppleWebKit/605.1.15 (KHTML, like Gecko) Version/27.2 Safari/605.1.15"
[2026-10-10 21:17:22] info: ::1 - - "POST /api/rules/check-conflicts HTTP/1.1" 200 16 "http://localhost:3000/" "Mozilla/5.0 (Macintosh; Intel Mac OS X 10_15_7) AppleWebKit/605.1.15 (KHTML, like Gecko) Version/27.2 Safari/605.1.15"
[2026-10-10 21:17:22] info: WebSocket client connected: YOhv8vZdmbIh6lPwAAAH
[2026-10-10 21:17:23] info: ::1 - - "GET /api/wishes?q=Target+Wish+1791667040512&ignore_attributes=1 HTTP/1.1" 200 168 "http://localhost:3000/" "Mozilla/5.0 (Macintosh; Intel Mac OS X 10_15_7) AppleWebKit/605.1.15 (KHTML, like Gecko) Version/27.2 Safari/605.1.15"
[2026-10-10 21:17:25] info: Wishmail sent {"sender_id":null,"target_wish_id":"elkay44l"}
[2026-10-10 21:17:25] info: ::1 - - "POST /api/wishes/elkay44l/mail HTTP/1.1" 200 32 "http://localhost:3000/" "Mozilla/5.0 (Macintosh; Intel Mac OS X 10_15_7) AppleWebKit/605.1.15 (KHTML, like Gecko) Version/27.2 Safari/605.1.15"
[2026-10-10 21:17:27] info: ::1 - - "GET /api/wishes/elkay44l/mail HTTP/1.1" 200 167 "http://localhost:3000/" "Mozilla/5.0 (Macintosh; Intel Mac OS X 10_15_7) AppleWebKit/605.1.15 (KHTML, like Gecko) Version/27.2 Safari/605.1.15"
[2026-10-10 21:17:27] info: WebSocket client disconnected: YOhv8vZdmbIh6lPwAAAH
[2026-10-10 21:17:58] info: ::1 - - "GET / HTTP/1.1" 200 698 "-" "-"
[2026-10-10 21:17:58] info: ::1 - - "GET / HTTP/1.1" 200 698 "-" "-"
[2026-10-10 21:18:00] info: ::1 - - "GET / HTTP/1.1" 200 698 "-" "Mozilla/5.0 (Windows NT 10.0; Win64; x64) AppleWebKit/537.36 (KHTML, like Gecko) Chrome/156.0.8078.4 Safari/537.36"
[2026-10-10 21:18:00] info: ::1 - - "GET /theme.css HTTP/1.1" 200 415 "http://localhost:3000/" "Mozilla/5.0 (Windows NT 10.0; Win64; x64) AppleWebKit/537.36 (KHTML, like Gecko) Chrome/156.0.8078.4 Safari/537.36"
[2026-10-10 21:18:00] info: ::1 - - "GET /assets/index-DfIzgRz4.css HTTP/1.1" 200 19113 "http://localhost:3000/" "Mozilla/5.0 (Windows NT 10.0; Win64; x64) AppleWebKit/537.36 (KHTML, like Gecko) Chrome/156.0.8078.4 Safari/537.36"
[2026-10-10 21:18:00] info: ::1 - - "GET /assets/rolldown-runtime-C0FnF6B9.js HTTP/1.1" 200 1291 "http://localhost:3000/" "Mozilla/5.0 (Windows NT 10.0; Win64; x64) AppleWebKit/537.36 (KHTML, like Gecko) Chrome/156.0.8078.4 Safari/537.36"
[2026-10-10 21:18:00] info: ::1 - - "GET /assets/jsx-runtime-CKeovgl0.js HTTP/1.1" 200 7899 "http://localhost:3000/" "Mozilla/5.0 (Windows NT 10.0; Win64; x64) AppleWebKit/537.36 (KHTML, like Gecko) Chrome/156.0.8078.4 Safari/537.36"
[2026-10-10 21:18:00] info: ::1 - - "GET /assets/index-DRJ4-Rlb.js HTTP/1.1" 200 733104 "http://localhost:3000/" "Mozilla/5.0 (Windows NT 10.0; Win64; x64) AppleWebKit/537.36 (KHTML, like Gecko) Chrome/156.0.8078.4 Safari/537.36"
[2026-10-10 21:18:00] info: ::1 - - "GET /api/config HTTP/1.1" 200 12659 "http://localhost:3000/" "Mozilla/5.0 (Windows NT 10.0; Win64; x64) AppleWebKit/537.36 (KHTML, like Gecko) Chrome/156.0.8078.4 Safari/537.36"
[2026-10-10 21:18:00] info: ::1 - - "GET /api/config HTTP/1.1" 304 - "http://localhost:3000/" "Mozilla/5.0 (Windows NT 10.0; Win64; x64) AppleWebKit/537.36 (KHTML, like Gecko) Chrome/156.0.8078.4 Safari/537.36"
[2026-10-10 21:18:00] warn: Failed login attempt {"username":"admin","ip":"::1"}
[2026-10-10 21:18:00] info: ::1 - - "POST /api/users/login HTTP/1.1" 401 43 "http://localhost:3000/" "Mozilla/5.0 (Windows NT 10.0; Win64; x64) AppleWebKit/537.36 (KHTML, like Gecko) Chrome/156.0.8078.4 Safari/537.36"
[2026-10-10 21:18:06] info: ::1 - - "GET / HTTP/1.1" 200 698 "-" "Mozilla/5.0 (Windows NT 10.0; Win64; x64) AppleWebKit/537.36 (KHTML, like Gecko) Chrome/156.0.8078.4 Safari/537.36"
[2026-10-10 21:18:07] info: ::1 - - "GET /theme.css HTTP/1.1" 200 415 "http://localhost:3000/" "Mozilla/5.0 (Windows NT 10.0; Win64; x64) AppleWebKit/537.36 (KHTML, like Gecko) Chrome/156.0.8078.4 Safari/537.36"
[2026-10-10 21:18:07] info: ::1 - - "GET /assets/index-DfIzgRz4.css HTTP/1.1" 200 19113 "http://localhost:3000/" "Mozilla/5.0 (Windows NT 10.0; Win64; x64) AppleWebKit/537.36 (KHTML, like Gecko) Chrome/156.0.8078.4 Safari/537.36"
[2026-10-10 21:18:07] info: ::1 - - "GET /assets/rolldown-runtime-C0FnF6B9.js HTTP/1.1" 200 1291 "http://localhost:3000/" "Mozilla/5.0 (Windows NT 10.0; Win64; x64) AppleWebKit/537.36 (KHTML, like Gecko) Chrome/156.0.8078.4 Safari/537.36"
[2026-10-10 21:18:07] info: ::1 - - "GET /assets/jsx-runtime-CKeovgl0.js HTTP/1.1" 200 7899 "http://localhost:3000/" "Mozilla/5.0 (Windows NT 10.0; Win64; x64) AppleWebKit/537.36 (KHTML, like Gecko) Chrome/156.0.8078.4 Safari/537.36"
[2026-10-10 21:18:07] info: ::1 - - "GET /assets/index-DRJ4-Rlb.js HTTP/1.1" 200 733104 "http://localhost:3000/" "Mozilla/5.0 (Windows NT 10.0; Win64; x64) AppleWebKit/537.36 (KHTML, like Gecko) Chrome/156.0.8078.4 Safari/537.36"
[2026-10-10 21:18:07] info: ::1 - - "GET /api/config HTTP/1.1" 200 12659 "http://localhost:3000/" "Mozilla/5.0 (Windows NT 10.0; Win64; x64) AppleWebKit/537.36 (KHTML, like Gecko) Chrome/156.0.8078.4 Safari/537.36"
[2026-10-10 21:18:07] info: ::1 - - "GET /api/config HTTP/1.1" 304 - "http://localhost:3000/" "Mozilla/5.0 (Windows NT 10.0; Win64; x64) AppleWebKit/537.36 (KHTML, like Gecko) Chrome/156.0.8078.4 Safari/537.36"
[2026-10-10 21:18:07] info: ::1 - - "GET /fonts/NotoColorEmoji.ttf HTTP/1.1" 200 10730124 "http://localhost:3000/assets/index-DfIzgRz4.css" "Mozilla/5.0 (Windows NT 10.0; Win64; x64) AppleWebKit/537.36 (KHTML, like Gecko) Chrome/156.0.8078.4 Safari/537.36"
[2026-10-10 21:18:07] info: Wish created {"user_id":null,"wish_id":"a10byul7"}
[2026-10-10 21:18:07] info: ::1 - - "POST /api/wishes HTTP/1.1" 201 49 "http://localhost:3000/" "Mozilla/5.0 (Windows NT 10.0; Win64; x64) AppleWebKit/537.36 (KHTML, like Gecko) Chrome/156.0.8078.4 Safari/537.36"
[2026-10-10 21:18:07] info: WebSocket client connected: glJaj7ovp4ax0pQ6AAAI
[2026-10-10 21:18:07] info: ::1 - - "GET /api/wishes?q=Spontaneous+road+trip&attributes=%7B%22gender%22%3A%22non-binary%22%2C%22orientation%22%3A%22queer%22%2C%22role%22%3A%22switch%22%7D HTTP/1.1" 200 1321 "http://localhost:3000/" "Mozilla/5.0 (Windows NT 10.0; Win64; x64) AppleWebKit/537.36 (KHTML, like Gecko) Chrome/156.0.8078.4 Safari/537.36"
[2026-10-10 21:18:08] warn: Failed login attempt {"username":"admin","ip":"::1"}
[2026-10-10 21:18:08] info: ::1 - - "POST /api/users/login HTTP/1.1" 401 43 "http://localhost:3000/" "Mozilla/5.0 (Windows NT 10.0; Win64; x64) AppleWebKit/537.36 (KHTML, like Gecko) Chrome/156.0.8078.4 Safari/537.36"
[2026-10-10 21:18:13] info: WebSocket client disconnected: glJaj7ovp4ax0pQ6AAAI
[2026-10-10 21:18:14] info: ::1 - - "GET / HTTP/1.1" 200 698 "-" "Mozilla/5.0 (Windows NT 10.0; Win64; x64) AppleWebKit/537.36 (KHTML, like Gecko) Chrome/156.0.8078.4 Safari/537.36"
[2026-10-10 21:18:14] info: ::1 - - "GET /theme.css HTTP/1.1" 200 415 "http://localhost:3000/" "Mozilla/5.0 (Windows NT 10.0; Win64; x64) AppleWebKit/537.36 (KHTML, like Gecko) Chrome/156.0.8078.4 Safari/537.36"
[2026-10-10 21:18:14] info: ::1 - - "GET /assets/index-DfIzgRz4.css HTTP/1.1" 200 19113 "http://localhost:3000/" "Mozilla/5.0 (Windows NT 10.0; Win64; x64) AppleWebKit/537.36 (KHTML, like Gecko) Chrome/156.0.8078.4 Safari/537.36"
[2026-10-10 21:18:14] info: ::1 - - "GET /assets/rolldown-runtime-C0FnF6B9.js HTTP/1.1" 200 1291 "http://localhost:3000/" "Mozilla/5.0 (Windows NT 10.0; Win64; x64) AppleWebKit/537.36 (KHTML, like Gecko) Chrome/156.0.8078.4 Safari/537.36"
[2026-10-10 21:18:14] info: ::1 - - "GET /assets/jsx-runtime-CKeovgl0.js HTTP/1.1" 200 7899 "http://localhost:3000/" "Mozilla/5.0 (Windows NT 10.0; Win64; x64) AppleWebKit/537.36 (KHTML, like Gecko) Chrome/156.0.8078.4 Safari/537.36"
[2026-10-10 21:18:14] info: ::1 - - "GET /assets/index-DRJ4-Rlb.js HTTP/1.1" 200 733104 "http://localhost:3000/" "Mozilla/5.0 (Windows NT 10.0; Win64; x64) AppleWebKit/537.36 (KHTML, like Gecko) Chrome/156.0.8078.4 Safari/537.36"
[2026-10-10 21:18:14] info: ::1 - - "GET /api/config HTTP/1.1" 200 12659 "http://localhost:3000/" "Mozilla/5.0 (Windows NT 10.0; Win64; x64) AppleWebKit/537.36 (KHTML, like Gecko) Chrome/156.0.8078.4 Safari/537.36"
[2026-10-10 21:18:14] info: ::1 - - "GET /api/config HTTP/1.1" 304 - "http://localhost:3000/" "Mozilla/5.0 (Windows NT 10.0; Win64; x64) AppleWebKit/537.36 (KHTML, like Gecko) Chrome/156.0.8078.4 Safari/537.36"
[2026-10-10 21:18:14] info: ::1 - - "GET /fonts/NotoColorEmoji.ttf HTTP/1.1" 200 10730124 "http://localhost:3000/assets/index-DfIzgRz4.css" "Mozilla/5.0 (Windows NT 10.0; Win64; x64) AppleWebKit/537.36 (KHTML, like Gecko) Chrome/156.0.8078.4 Safari/537.36"
[2026-10-10 21:18:14] info: New user registered {"user_id":"n4pkrdm7","username":"testuser_1791667094197"}
[2026-10-10 21:18:14] info: ::1 - - "POST /api/users/register HTTP/1.1" 200 319 "http://localhost:3000/" "Mozilla/5.0 (Windows NT 10.0; Win64; x64) AppleWebKit/537.36 (KHTML, like Gecko) Chrome/156.0.8078.4 Safari/537.36"
[2026-10-10 21:18:14] info: ::1 - - "GET /api/users/me/wishes HTTP/1.1" 200 2 "http://localhost:3000/" "Mozilla/5.0 (Windows NT 10.0; Win64; x64) AppleWebKit/537.36 (KHTML, like Gecko) Chrome/156.0.8078.4 Safari/537.36"
[2026-10-10 21:18:14] info: ::1 - - "GET /api/wishes/exclusions HTTP/1.1" 200 2 "http://localhost:3000/" "Mozilla/5.0 (Windows NT 10.0; Win64; x64) AppleWebKit/537.36 (KHTML, like Gecko) Chrome/156.0.8078.4 Safari/537.36"
[2026-10-10 21:18:14] info: ::1 - - "GET /api/users/me HTTP/1.1" 200 223 "http://localhost:3000/" "Mozilla/5.0 (Windows NT 10.0; Win64; x64) AppleWebKit/537.36 (KHTML, like Gecko) Chrome/156.0.8078.4 Safari/537.36"
[2026-10-10 21:18:14] info: ::1 - - "GET /api/users/me/wishes HTTP/1.1" 304 - "http://localhost:3000/" "Mozilla/5.0 (Windows NT 10.0; Win64; x64) AppleWebKit/537.36 (KHTML, like Gecko) Chrome/156.0.8078.4 Safari/537.36"
[2026-10-10 21:18:14] info: ::1 - - "GET /api/wishes/exclusions HTTP/1.1" 304 - "http://localhost:3000/" "Mozilla/5.0 (Windows NT 10.0; Win64; x64) AppleWebKit/537.36 (KHTML, like Gecko) Chrome/156.0.8078.4 Safari/537.36"
[2026-10-10 21:18:14] info: Wish created {"user_id":"n4pkrdm7","wish_id":"bz80txtv"}
[2026-10-10 21:18:14] info: ::1 - - "POST /api/wishes HTTP/1.1" 201 31 "http://localhost:3000/" "Mozilla/5.0 (Windows NT 10.0; Win64; x64) AppleWebKit/537.36 (KHTML, like Gecko) Chrome/156.0.8078.4 Safari/537.36"
[2026-10-10 21:18:15] info: ::1 - - "GET /api/users/me/wishes HTTP/1.1" 200 407 "http://localhost:3000/" "Mozilla/5.0 (Windows NT 10.0; Win64; x64) AppleWebKit/537.36 (KHTML, like Gecko) Chrome/156.0.8078.4 Safari/537.36"
[2026-10-10 21:18:15] info: ::1 - - "GET /api/wishes/exclusions HTTP/1.1" 304 - "http://localhost:3000/" "Mozilla/5.0 (Windows NT 10.0; Win64; x64) AppleWebKit/537.36 (KHTML, like Gecko) Chrome/156.0.8078.4 Safari/537.36"
[2026-10-10 21:18:15] info: Successful login {"username":"testuser_1791667094197","ip":"::1"}
[2026-10-10 21:18:15] info: ::1 - - "POST /api/users/login HTTP/1.1" 200 282 "http://localhost:3000/" "Mozilla/5.0 (Windows NT 10.0; Win64; x64) AppleWebKit/537.36 (KHTML, like Gecko) Chrome/156.0.8078.4 Safari/537.36"
[2026-10-10 21:18:15] info: ::1 - - "GET /api/users/me/wishes HTTP/1.1" 304 - "http://localhost:3000/" "Mozilla/5.0 (Windows NT 10.0; Win64; x64) AppleWebKit/537.36 (KHTML, like Gecko) Chrome/156.0.8078.4 Safari/537.36"
[2026-10-10 21:18:15] info: ::1 - - "GET /api/wishes/exclusions HTTP/1.1" 304 - "http://localhost:3000/" "Mozilla/5.0 (Windows NT 10.0; Win64; x64) AppleWebKit/537.36 (KHTML, like Gecko) Chrome/156.0.8078.4 Safari/537.36"
[2026-10-10 21:18:15] info: ::1 - - "GET /api/users/me HTTP/1.1" 304 - "http://localhost:3000/" "Mozilla/5.0 (Windows NT 10.0; Win64; x64) AppleWebKit/537.36 (KHTML, like Gecko) Chrome/156.0.8078.4 Safari/537.36"
[2026-10-10 21:18:15] info: ::1 - - "GET /api/users/me/wishes HTTP/1.1" 304 - "http://localhost:3000/" "Mozilla/5.0 (Windows NT 10.0; Win64; x64) AppleWebKit/537.36 (KHTML, like Gecko) Chrome/156.0.8078.4 Safari/537.36"
[2026-10-10 21:18:15] info: ::1 - - "GET /api/wishes/exclusions HTTP/1.1" 304 - "http://localhost:3000/" "Mozilla/5.0 (Windows NT 10.0; Win64; x64) AppleWebKit/537.36 (KHTML, like Gecko) Chrome/156.0.8078.4 Safari/537.36"
[2026-10-10 21:18:15] info: ::1 - - "GET / HTTP/1.1" 200 698 "-" "Mozilla/5.0 (Windows NT 10.0; Win64; x64) AppleWebKit/537.36 (KHTML, like Gecko) Chrome/156.0.8078.4 Safari/537.36"
[2026-10-10 21:18:15] info: ::1 - - "GET /theme.css HTTP/1.1" 200 415 "http://localhost:3000/" "Mozilla/5.0 (Windows NT 10.0; Win64; x64) AppleWebKit/537.36 (KHTML, like Gecko) Chrome/156.0.8078.4 Safari/537.36"
[2026-10-10 21:18:15] info: ::1 - - "GET /assets/index-DfIzgRz4.css HTTP/1.1" 200 19113 "http://localhost:3000/" "Mozilla/5.0 (Windows NT 10.0; Win64; x64) AppleWebKit/537.36 (KHTML, like Gecko) Chrome/156.0.8078.4 Safari/537.36"
[2026-10-10 21:18:15] info: ::1 - - "GET /assets/rolldown-runtime-C0FnF6B9.js HTTP/1.1" 200 1291 "http://localhost:3000/" "Mozilla/5.0 (Windows NT 10.0; Win64; x64) AppleWebKit/537.36 (KHTML, like Gecko) Chrome/156.0.8078.4 Safari/537.36"
[2026-10-10 21:18:15] info: ::1 - - "GET /assets/jsx-runtime-CKeovgl0.js HTTP/1.1" 200 7899 "http://localhost:3000/" "Mozilla/5.0 (Windows NT 10.0; Win64; x64) AppleWebKit/537.36 (KHTML, like Gecko) Chrome/156.0.8078.4 Safari/537.36"
[2026-10-10 21:18:15] info: ::1 - - "GET /assets/index-DRJ4-Rlb.js HTTP/1.1" 200 733104 "http://localhost:3000/" "Mozilla/5.0 (Windows NT 10.0; Win64; x64) AppleWebKit/537.36 (KHTML, like Gecko) Chrome/156.0.8078.4 Safari/537.36"
[2026-10-10 21:18:15] info: ::1 - - "GET /api/config HTTP/1.1" 200 12659 "http://localhost:3000/" "Mozilla/5.0 (Windows NT 10.0; Win64; x64) AppleWebKit/537.36 (KHTML, like Gecko) Chrome/156.0.8078.4 Safari/537.36"
[2026-10-10 21:18:15] info: ::1 - - "GET /api/config HTTP/1.1" 304 - "http://localhost:3000/" "Mozilla/5.0 (Windows NT 10.0; Win64; x64) AppleWebKit/537.36 (KHTML, like Gecko) Chrome/156.0.8078.4 Safari/537.36"
[2026-10-10 21:18:15] info: ::1 - - "GET /fonts/NotoColorEmoji.ttf HTTP/1.1" 200 10730124 "http://localhost:3000/assets/index-DfIzgRz4.css" "Mozilla/5.0 (Windows NT 10.0; Win64; x64) AppleWebKit/537.36 (KHTML, like Gecko) Chrome/156.0.8078.4 Safari/537.36"
[2026-10-10 21:18:15] info: Wish created {"user_id":null,"wish_id":"30j1u6dg"}
[2026-10-10 21:18:15] info: ::1 - - "POST /api/wishes HTTP/1.1" 201 48 "http://localhost:3000/" "Mozilla/5.0 (Windows NT 10.0; Win64; x64) AppleWebKit/537.36 (KHTML, like Gecko) Chrome/156.0.8078.4 Safari/537.36"
[2026-10-10 21:18:15] info: WebSocket client connected: qgLIRMZyjhkl881NAAAJ
[2026-10-10 21:18:16] info: ::1 - - "GET /api/wishes?q=Flagged+test+wish+content+1791667095460&ignore_attributes=1 HTTP/1.1" 200 174 "http://localhost:3000/" "Mozilla/5.0 (Windows NT 10.0; Win64; x64) AppleWebKit/537.36 (KHTML, like Gecko) Chrome/156.0.8078.4 Safari/537.36"
[2026-10-10 21:18:16] warn: Wish flagged for moderation {"wish_id":"30j1u6dg"}
[2026-10-10 21:18:16] info: ::1 - - "POST /api/wishes/30j1u6dg/flag HTTP/1.1" 200 16 "http://localhost:3000/" "Mozilla/5.0 (Windows NT 10.0; Win64; x64) AppleWebKit/537.36 (KHTML, like Gecko) Chrome/156.0.8078.4 Safari/537.36"
[2026-10-10 21:18:16] warn: Failed login attempt {"username":"admin","ip":"::1"}
[2026-10-10 21:18:16] info: ::1 - - "POST /api/users/login HTTP/1.1" 401 43 "http://localhost:3000/" "Mozilla/5.0 (Windows NT 10.0; Win64; x64) AppleWebKit/537.36 (KHTML, like Gecko) Chrome/156.0.8078.4 Safari/537.36"
[2026-10-10 21:19:15] info: WebSocket client disconnected: qgLIRMZyjhkl881NAAAJ
[2026-10-10 21:19:16] info: ::1 - - "GET / HTTP/1.1" 200 698 "-" "Mozilla/5.0 (Windows NT 10.0; Win64; x64) AppleWebKit/537.36 (KHTML, like Gecko) Chrome/156.0.8078.4 Safari/537.36"
[2026-10-10 21:19:16] info: ::1 - - "GET /theme.css HTTP/1.1" 200 415 "http://localhost:3000/" "Mozilla/5.0 (Windows NT 10.0; Win64; x64) AppleWebKit/537.36 (KHTML, like Gecko) Chrome/156.0.8078.4 Safari/537.36"
[2026-10-10 21:19:16] info: ::1 - - "GET /assets/index-DfIzgRz4.css HTTP/1.1" 200 19113 "http://localhost:3000/" "Mozilla/5.0 (Windows NT 10.0; Win64; x64) AppleWebKit/537.36 (KHTML, like Gecko) Chrome/156.0.8078.4 Safari/537.36"
[2026-10-10 21:19:16] info: ::1 - - "GET /assets/rolldown-runtime-C0FnF6B9.js HTTP/1.1" 200 1291 "http://localhost:3000/" "Mozilla/5.0 (Windows NT 10.0; Win64; x64) AppleWebKit/537.36 (KHTML, like Gecko) Chrome/156.0.8078.4 Safari/537.36"
[2026-10-10 21:19:16] info: ::1 - - "GET /assets/jsx-runtime-CKeovgl0.js HTTP/1.1" 200 7899 "http://localhost:3000/" "Mozilla/5.0 (Windows NT 10.0; Win64; x64) AppleWebKit/537.36 (KHTML, like Gecko) Chrome/156.0.8078.4 Safari/537.36"
[2026-10-10 21:19:16] info: ::1 - - "GET /assets/index-DRJ4-Rlb.js HTTP/1.1" 200 733104 "http://localhost:3000/" "Mozilla/5.0 (Windows NT 10.0; Win64; x64) AppleWebKit/537.36 (KHTML, like Gecko) Chrome/156.0.8078.4 Safari/537.36"
[2026-10-10 21:19:16] info: ::1 - - "GET /api/config HTTP/1.1" 200 12659 "http://localhost:3000/" "Mozilla/5.0 (Windows NT 10.0; Win64; x64) AppleWebKit/537.36 (KHTML, like Gecko) Chrome/156.0.8078.4 Safari/537.36"
[2026-10-10 21:19:16] info: ::1 - - "GET /api/config HTTP/1.1" 304 - "http://localhost:3000/" "Mozilla/5.0 (Windows NT 10.0; Win64; x64) AppleWebKit/537.36 (KHTML, like Gecko) Chrome/156.0.8078.4 Safari/537.36"
[2026-10-10 21:19:16] info: ::1 - - "GET /fonts/NotoColorEmoji.ttf HTTP/1.1" 200 10730124 "http://localhost:3000/assets/index-DfIzgRz4.css" "Mozilla/5.0 (Windows NT 10.0; Win64; x64) AppleWebKit/537.36 (KHTML, like Gecko) Chrome/156.0.8078.4 Safari/537.36"
[2026-10-10 21:19:17] debug: Loaded 51 rules from the database
[2026-10-10 21:19:17] info: Wish created {"user_id":null,"wish_id":"qifmku9v"}
[2026-10-10 21:19:17] info: ::1 - - "POST /api/wishes HTTP/1.1" 201 48 "http://localhost:3000/" "Mozilla/5.0 (Windows NT 10.0; Win64; x64) AppleWebKit/537.36 (KHTML, like Gecko) Chrome/156.0.8078.4 Safari/537.36"
[2026-10-10 21:19:17] info: ::1 - - "GET /api/wishes/qifmku9v HTTP/1.1" 200 237 "http://localhost:3000/" "Mozilla/5.0 (Windows NT 10.0; Win64; x64) AppleWebKit/537.36 (KHTML, like Gecko) Chrome/156.0.8078.4 Safari/537.36"
[2026-10-10 21:19:17] info: ::1 - - "POST /api/wishes/qifmku9v/manage HTTP/1.1" 200 50 "http://localhost:3000/" "Mozilla/5.0 (Windows NT 10.0; Win64; x64) AppleWebKit/537.36 (KHTML, like Gecko) Chrome/156.0.8078.4 Safari/537.36"
[2026-10-10 21:19:17] info: ::1 - - "POST /api/wishes/qifmku9v/deactivate HTTP/1.1" 200 16 "http://localhost:3000/" "Mozilla/5.0 (Windows NT 10.0; Win64; x64) AppleWebKit/537.36 (KHTML, like Gecko) Chrome/156.0.8078.4 Safari/537.36"
[2026-10-10 21:19:17] info: WebSocket client connected: 4uO3xaOBeEfljvwAAAAK
[2026-10-10 21:19:17] info: ::1 - - "GET /api/wishes?q=UPDATED+text+1791667156604&ignore_attributes=1 HTTP/1.1" 200 2 "http://localhost:3000/" "Mozilla/5.0 (Windows NT 10.0; Win64; x64) AppleWebKit/537.36 (KHTML, like Gecko) Chrome/156.0.8078.4 Safari/537.36"
[2026-10-10 21:19:17] info: ::1 - - "GET /api/wishes/qifmku9v HTTP/1.1" 200 237 "http://localhost:3000/" "Mozilla/5.0 (Windows NT 10.0; Win64; x64) AppleWebKit/537.36 (KHTML, like Gecko) Chrome/156.0.8078.4 Safari/537.36"
[2026-10-10 21:19:17] info: ::1 - - "POST /api/wishes/qifmku9v/reactivate HTTP/1.1" 200 16 "http://localhost:3000/" "Mozilla/5.0 (Windows NT 10.0; Win64; x64) AppleWebKit/537.36 (KHTML, like Gecko) Chrome/156.0.8078.4 Safari/537.36"
[2026-10-10 21:19:17] info: ::1 - - "GET /api/wishes?q=UPDATED+text+1791667156604&ignore_attributes=1 HTTP/1.1" 200 177 "http://localhost:3000/" "Mozilla/5.0 (Windows NT 10.0; Win64; x64) AppleWebKit/537.36 (KHTML, like Gecko) Chrome/156.0.8078.4 Safari/537.36"
[2026-10-10 21:19:18] info: WebSocket client disconnected: 4uO3xaOBeEfljvwAAAAK
[2026-10-10 21:19:18] info: ::1 - - "GET / HTTP/1.1" 200 698 "-" "Mozilla/5.0 (Windows NT 10.0; Win64; x64) AppleWebKit/537.36 (KHTML, like Gecko) Chrome/156.0.8078.4 Safari/537.36"
[2026-10-10 21:19:18] info: ::1 - - "GET /theme.css HTTP/1.1" 200 415 "http://localhost:3000/" "Mozilla/5.0 (Windows NT 10.0; Win64; x64) AppleWebKit/537.36 (KHTML, like Gecko) Chrome/156.0.8078.4 Safari/537.36"
[2026-10-10 21:19:18] info: ::1 - - "GET /assets/index-DfIzgRz4.css HTTP/1.1" 200 19113 "http://localhost:3000/" "Mozilla/5.0 (Windows NT 10.0; Win64; x64) AppleWebKit/537.36 (KHTML, like Gecko) Chrome/156.0.8078.4 Safari/537.36"
[2026-10-10 21:19:18] info: ::1 - - "GET /assets/rolldown-runtime-C0FnF6B9.js HTTP/1.1" 200 1291 "http://localhost:3000/" "Mozilla/5.0 (Windows NT 10.0; Win64; x64) AppleWebKit/537.36 (KHTML, like Gecko) Chrome/156.0.8078.4 Safari/537.36"
[2026-10-10 21:19:18] info: ::1 - - "GET /assets/jsx-runtime-CKeovgl0.js HTTP/1.1" 200 7899 "http://localhost:3000/" "Mozilla/5.0 (Windows NT 10.0; Win64; x64) AppleWebKit/537.36 (KHTML, like Gecko) Chrome/156.0.8078.4 Safari/537.36"
[2026-10-10 21:19:18] info: ::1 - - "GET /assets/index-DRJ4-Rlb.js HTTP/1.1" 200 733104 "http://localhost:3000/" "Mozilla/5.0 (Windows NT 10.0; Win64; x64) AppleWebKit/537.36 (KHTML, like Gecko) Chrome/156.0.8078.4 Safari/537.36"
[2026-10-10 21:19:18] info: ::1 - - "GET /api/config HTTP/1.1" 200 12659 "http://localhost:3000/" "Mozilla/5.0 (Windows NT 10.0; Win64; x64) AppleWebKit/537.36 (KHTML, like Gecko) Chrome/156.0.8078.4 Safari/537.36"
[2026-10-10 21:19:18] info: ::1 - - "GET /api/config HTTP/1.1" 304 - "http://localhost:3000/" "Mozilla/5.0 (Windows NT 10.0; Win64; x64) AppleWebKit/537.36 (KHTML, like Gecko) Chrome/156.0.8078.4 Safari/537.36"
[2026-10-10 21:19:18] info: ::1 - - "GET /fonts/NotoColorEmoji.ttf HTTP/1.1" 200 10730124 "http://localhost:3000/assets/index-DfIzgRz4.css" "Mozilla/5.0 (Windows NT 10.0; Win64; x64) AppleWebKit/537.36 (KHTML, like Gecko) Chrome/156.0.8078.4 Safari/537.36"
[2026-10-10 21:19:18] info: Wish created {"user_id":null,"wish_id":"u9r8je71"}
[2026-10-10 21:19:18] info: ::1 - - "POST /api/wishes HTTP/1.1" 201 46 "http://localhost:3000/" "Mozilla/5.0 (Windows NT 10.0; Win64; x64) AppleWebKit/537.36 (KHTML, like Gecko) Chrome/156.0.8078.4 Safari/537.36"
[2026-10-10 21:19:18] info: WebSocket client connected: V9iYX301mNi1xze0AAAL
[2026-10-10 21:19:18] info: ::1 - - "GET /api/wishes?q=Target+Wish+1791667158084&ignore_attributes=1 HTTP/1.1" 200 168 "http://localhost:3000/" "Mozilla/5.0 (Windows NT 10.0; Win64; x64) AppleWebKit/537.36 (KHTML, like Gecko) Chrome/156.0.8078.4 Safari/537.36"
[2026-10-10 21:19:19] info: Wishmail sent {"sender_id":null,"target_wish_id":"u9r8je71"}
[2026-10-10 21:19:19] info: ::1 - - "POST /api/wishes/u9r8je71/mail HTTP/1.1" 200 32 "http://localhost:3000/" "Mozilla/5.0 (Windows NT 10.0; Win64; x64) AppleWebKit/537.36 (KHTML, like Gecko) Chrome/156.0.8078.4 Safari/537.36"
[2026-10-10 21:19:21] info: ::1 - - "GET /api/wishes/u9r8je71/mail HTTP/1.1" 200 167 "http://localhost:3000/" "Mozilla/5.0 (Windows NT 10.0; Win64; x64) AppleWebKit/537.36 (KHTML, like Gecko) Chrome/156.0.8078.4 Safari/537.36"
[2026-10-10 21:19:21] info: WebSocket client disconnected: V9iYX301mNi1xze0AAAL
[2026-10-10 21:19:23] info: ::1 - - "GET / HTTP/1.1" 200 698 "-" "Mozilla/5.0 (Windows NT 10.0; Win64; x64) AppleWebKit/537.36 (KHTML, like Gecko) Chrome/156.0.8078.4 Safari/537.36"
[2026-10-10 21:19:23] info: ::1 - - "GET /theme.css HTTP/1.1" 200 415 "http://localhost:3000/" "Mozilla/5.0 (Windows NT 10.0; Win64; x64) AppleWebKit/537.36 (KHTML, like Gecko) Chrome/156.0.8078.4 Safari/537.36"
[2026-10-10 21:19:23] info: ::1 - - "GET /assets/index-DfIzgRz4.css HTTP/1.1" 200 19113 "http://localhost:3000/" "Mozilla/5.0 (Windows NT 10.0; Win64; x64) AppleWebKit/537.36 (KHTML, like Gecko) Chrome/156.0.8078.4 Safari/537.36"
[2026-10-10 21:19:23] info: ::1 - - "GET /assets/rolldown-runtime-C0FnF6B9.js HTTP/1.1" 200 1291 "http://localhost:3000/" "Mozilla/5.0 (Windows NT 10.0; Win64; x64) AppleWebKit/537.36 (KHTML, like Gecko) Chrome/156.0.8078.4 Safari/537.36"
[2026-10-10 21:19:23] info: ::1 - - "GET /assets/jsx-runtime-CKeovgl0.js HTTP/1.1" 200 7899 "http://localhost:3000/" "Mozilla/5.0 (Windows NT 10.0; Win64; x64) AppleWebKit/537.36 (KHTML, like Gecko) Chrome/156.0.8078.4 Safari/537.36"
[2026-10-10 21:19:23] info: ::1 - - "GET /assets/index-DRJ4-Rlb.js HTTP/1.1" 200 733104 "http://localhost:3000/" "Mozilla/5.0 (Windows NT 10.0; Win64; x64) AppleWebKit/537.36 (KHTML, like Gecko) Chrome/156.0.8078.4 Safari/537.36"
[2026-10-10 21:19:23] info: ::1 - - "GET /api/config HTTP/1.1" 200 12659 "http://localhost:3000/" "Mozilla/5.0 (Windows NT 10.0; Win64; x64) AppleWebKit/537.36 (KHTML, like Gecko) Chrome/156.0.8078.4 Safari/537.36"
[2026-10-10 21:19:23] info: ::1 - - "GET /api/config HTTP/1.1" 304 - "http://localhost:3000/" "Mozilla/5.0 (Windows NT 10.0; Win64; x64) AppleWebKit/537.36 (KHTML, like Gecko) Chrome/156.0.8078.4 Safari/537.36"
[2026-10-10 21:19:23] info: ::1 - - "GET /fonts/NotoColorEmoji.ttf HTTP/1.1" 200 10730124 "http://localhost:3000/assets/index-DfIzgRz4.css" "Mozilla/5.0 (Windows NT 10.0; Win64; x64) AppleWebKit/537.36 (KHTML, like Gecko) Chrome/156.0.8078.4 Safari/537.36"
[2026-10-10 21:19:23] info: ::1 - - "GET /assets/WishScanner-SKR3iut2.js HTTP/1.1" 200 5900 "http://localhost:3000/" "Mozilla/5.0 (Windows NT 10.0; Win64; x64) AppleWebKit/537.36 (KHTML, like Gecko) Chrome/156.0.8078.4 Safari/537.36"
[2026-10-10 21:19:23] info: ::1 - - "GET /assets/cardProcessor-CtEr0-3t.js HTTP/1.1" 200 15584883 "http://localhost:3000/" "Mozilla/5.0 (Windows NT 10.0; Win64; x64) AppleWebKit/537.36 (KHTML, like Gecko) Chrome/156.0.8078.4 Safari/537.36"
[2026-10-10 21:19:23] info: ::1 - - "POST /api/rules/check-conflicts HTTP/1.1" 200 16 "http://localhost:3000/" "Mozilla/5.0 (Windows NT 10.0; Win64; x64) AppleWebKit/537.36 (KHTML, like Gecko) Chrome/156.0.8078.4 Safari/537.36"
[2026-10-10 21:19:23] info: ::1 - - "POST /api/rules/check-conflicts HTTP/1.1" 200 16 "http://localhost:3000/" "Mozilla/5.0 (Windows NT 10.0; Win64; x64) AppleWebKit/537.36 (KHTML, like Gecko) Chrome/156.0.8078.4 Safari/537.36"
[2026-10-10 21:19:29] info: ::1 - - "GET / HTTP/1.1" 200 698 "-" "Mozilla/5.0 (Macintosh; Intel Mac OS X 10_15_7) AppleWebKit/605.1.15 (KHTML, like Gecko) Version/27.2 Safari/605.1.15"
[2026-10-10 21:19:29] info: ::1 - - "GET /theme.css HTTP/1.1" 200 415 "http://localhost:3000/" "Mozilla/5.0 (Macintosh; Intel Mac OS X 10_15_7) AppleWebKit/605.1.15 (KHTML, like Gecko) Version/27.2 Safari/605.1.15"
[2026-10-10 21:19:29] info: ::1 - - "GET /assets/rolldown-runtime-C0FnF6B9.js HTTP/1.1" 200 1291 "http://localhost:3000/" "Mozilla/5.0 (Macintosh; Intel Mac OS X 10_15_7) AppleWebKit/605.1.15 (KHTML, like Gecko) Version/27.2 Safari/605.1.15"
[2026-10-10 21:19:29] info: ::1 - - "GET /assets/index-DfIzgRz4.css HTTP/1.1" 200 19113 "http://localhost:3000/" "Mozilla/5.0 (Macintosh; Intel Mac OS X 10_15_7) AppleWebKit/605.1.15 (KHTML, like Gecko) Version/27.2 Safari/605.1.15"
[2026-10-10 21:19:29] info: ::1 - - "GET /assets/jsx-runtime-CKeovgl0.js HTTP/1.1" 200 7899 "http://localhost:3000/" "Mozilla/5.0 (Macintosh; Intel Mac OS X 10_15_7) AppleWebKit/605.1.15 (KHTML, like Gecko) Version/27.2 Safari/605.1.15"
[2026-10-10 21:19:29] info: ::1 - - "GET /assets/index-DRJ4-Rlb.js HTTP/1.1" 200 733104 "http://localhost:3000/" "Mozilla/5.0 (Macintosh; Intel Mac OS X 10_15_7) AppleWebKit/605.1.15 (KHTML, like Gecko) Version/27.2 Safari/605.1.15"
[2026-10-10 21:19:29] info: ::1 - - "GET /api/config HTTP/1.1" 200 12659 "http://localhost:3000/" "Mozilla/5.0 (Macintosh; Intel Mac OS X 10_15_7) AppleWebKit/605.1.15 (KHTML, like Gecko) Version/27.2 Safari/605.1.15"
[2026-10-10 21:19:29] info: ::1 - - "GET /api/config HTTP/1.1" 200 12659 "http://localhost:3000/" "Mozilla/5.0 (Macintosh; Intel Mac OS X 10_15_7) AppleWebKit/605.1.15 (KHTML, like Gecko) Version/27.2 Safari/605.1.15"
[2026-10-10 21:19:30] warn: Failed login attempt {"username":"admin","ip":"::1"}
[2026-10-10 21:19:30] info: ::1 - - "POST /api/users/login HTTP/1.1" 401 43 "http://localhost:3000/" "Mozilla/5.0 (Macintosh; Intel Mac OS X 10_15_7) AppleWebKit/605.1.15 (KHTML, like Gecko) Version/27.2 Safari/605.1.15"
[2026-10-10 21:19:36] info: ::1 - - "GET / HTTP/1.1" 200 698 "-" "Mozilla/5.0 (Macintosh; Intel Mac OS X 10_15_7) AppleWebKit/605.1.15 (KHTML, like Gecko) Version/27.2 Safari/605.1.15"
[2026-10-10 21:19:36] info: ::1 - - "GET /theme.css HTTP/1.1" 200 415 "http://localhost:3000/" "Mozilla/5.0 (Macintosh; Intel Mac OS X 10_15_7) AppleWebKit/605.1.15 (KHTML, like Gecko) Version/27.2 Safari/605.1.15"
[2026-10-10 21:19:36] info: ::1 - - "GET /assets/rolldown-runtime-C0FnF6B9.js HTTP/1.1" 200 1291 "http://localhost:3000/" "Mozilla/5.0 (Macintosh; Intel Mac OS X 10_15_7) AppleWebKit/605.1.15 (KHTML, like Gecko) Version/27.2 Safari/605.1.15"
[2026-10-10 21:19:36] info: ::1 - - "GET /assets/jsx-runtime-CKeovgl0.js HTTP/1.1" 200 7899 "http://localhost:3000/" "Mozilla/5.0 (Macintosh; Intel Mac OS X 10_15_7) AppleWebKit/605.1.15 (KHTML, like Gecko) Version/27.2 Safari/605.1.15"
[2026-10-10 21:19:36] info: ::1 - - "GET /assets/index-DfIzgRz4.css HTTP/1.1" 200 19113 "http://localhost:3000/" "Mozilla/5.0 (Macintosh; Intel Mac OS X 10_15_7) AppleWebKit/605.1.15 (KHTML, like Gecko) Version/27.2 Safari/605.1.15"
[2026-10-10 21:19:36] info: ::1 - - "GET /assets/index-DRJ4-Rlb.js HTTP/1.1" 200 733104 "http://localhost:3000/" "Mozilla/5.0 (Macintosh; Intel Mac OS X 10_15_7) AppleWebKit/605.1.15 (KHTML, like Gecko) Version/27.2 Safari/605.1.15"
[2026-10-10 21:19:36] info: ::1 - - "GET /api/config HTTP/1.1" 200 12659 "http://localhost:3000/" "Mozilla/5.0 (Macintosh; Intel Mac OS X 10_15_7) AppleWebKit/605.1.15 (KHTML, like Gecko) Version/27.2 Safari/605.1.15"
[2026-10-10 21:19:36] info: ::1 - - "GET /api/config HTTP/1.1" 200 12659 "http://localhost:3000/" "Mozilla/5.0 (Macintosh; Intel Mac OS X 10_15_7) AppleWebKit/605.1.15 (KHTML, like Gecko) Version/27.2 Safari/605.1.15"
[2026-10-10 21:19:36] info: ::1 - - "GET /fonts/NotoColorEmoji.ttf HTTP/1.1" 200 10730124 "http://localhost:3000/" "Mozilla/5.0 (Macintosh; Intel Mac OS X 10_15_7) AppleWebKit/605.1.15 (KHTML, like Gecko) Version/27.2 Safari/605.1.15"
[2026-10-10 21:19:37] info: ::1 - - "POST /api/rules/check-conflicts HTTP/1.1" 200 16 "http://localhost:3000/" "Mozilla/5.0 (Macintosh; Intel Mac OS X 10_15_7) AppleWebKit/605.1.15 (KHTML, like Gecko) Version/27.2 Safari/605.1.15"
[2026-10-10 21:19:37] info: ::1 - - "POST /api/rules/check-conflicts HTTP/1.1" 200 16 "http://localhost:3000/" "Mozilla/5.0 (Macintosh; Intel Mac OS X 10_15_7) AppleWebKit/605.1.15 (KHTML, like Gecko) Version/27.2 Safari/605.1.15"
[2026-10-10 21:19:37] info: Wish created {"user_id":null,"wish_id":"7r1bpn24"}
[2026-10-10 21:19:37] info: ::1 - - "POST /api/wishes HTTP/1.1" 201 46 "http://localhost:3000/" "Mozilla/5.0 (Macintosh; Intel Mac OS X 10_15_7) AppleWebKit/605.1.15 (KHTML, like Gecko) Version/27.2 Safari/605.1.15"
[2026-10-10 21:19:38] info: ::1 - - "POST /api/rules/check-conflicts HTTP/1.1" 200 16 "http://localhost:3000/" "Mozilla/5.0 (Macintosh; Intel Mac OS X 10_15_7) AppleWebKit/605.1.15 (KHTML, like Gecko) Version/27.2 Safari/605.1.15"
[2026-10-10 21:19:38] info: ::1 - - "POST /api/rules/check-conflicts HTTP/1.1" 200 16 "http://localhost:3000/" "Mozilla/5.0 (Macintosh; Intel Mac OS X 10_15_7) AppleWebKit/605.1.15 (KHTML, like Gecko) Version/27.2 Safari/605.1.15"
[2026-10-10 21:19:38] info: WebSocket client connected: s-XYk-cAv3ptF-gxAAAM
[2026-10-10 21:19:38] info: ::1 - - "GET /api/wishes?q=Spontaneous+road+trip&attributes=%7B%22gender%22%3A%22non-binary%22%2C%22orientation%22%3A%22queer%22%2C%22role%22%3A%22switch%22%7D HTTP/1.1" 200 1585 "http://localhost:3000/" "Mozilla/5.0 (Macintosh; Intel Mac OS X 10_15_7) AppleWebKit/605.1.15 (KHTML, like Gecko) Version/27.2 Safari/605.1.15"
[2026-10-10 21:19:39] warn: Failed login attempt {"username":"admin","ip":"::1"}
[2026-10-10 21:19:39] info: ::1 - - "POST /api/users/login HTTP/1.1" 401 43 "http://localhost:3000/" "Mozilla/5.0 (Macintosh; Intel Mac OS X 10_15_7) AppleWebKit/605.1.15 (KHTML, like Gecko) Version/27.2 Safari/605.1.15"
[2026-10-10 21:19:44] info: WebSocket client disconnected: s-XYk-cAv3ptF-gxAAAM
[2026-10-10 21:19:46] info: ::1 - - "GET / HTTP/1.1" 200 698 "-" "Mozilla/5.0 (Macintosh; Intel Mac OS X 10_15_7) AppleWebKit/605.1.15 (KHTML, like Gecko) Version/27.2 Safari/605.1.15"
[2026-10-10 21:19:46] info: ::1 - - "GET /theme.css HTTP/1.1" 200 415 "http://localhost:3000/" "Mozilla/5.0 (Macintosh; Intel Mac OS X 10_15_7) AppleWebKit/605.1.15 (KHTML, like Gecko) Version/27.2 Safari/605.1.15"
[2026-10-10 21:19:46] info: ::1 - - "GET /assets/rolldown-runtime-C0FnF6B9.js HTTP/1.1" 200 1291 "http://localhost:3000/" "Mozilla/5.0 (Macintosh; Intel Mac OS X 10_15_7) AppleWebKit/605.1.15 (KHTML, like Gecko) Version/27.2 Safari/605.1.15"
[2026-10-10 21:19:46] info: ::1 - - "GET /assets/jsx-runtime-CKeovgl0.js HTTP/1.1" 200 7899 "http://localhost:3000/" "Mozilla/5.0 (Macintosh; Intel Mac OS X 10_15_7) AppleWebKit/605.1.15 (KHTML, like Gecko) Version/27.2 Safari/605.1.15"
[2026-10-10 21:19:46] info: ::1 - - "GET /assets/index-DfIzgRz4.css HTTP/1.1" 200 19113 "http://localhost:3000/" "Mozilla/5.0 (Macintosh; Intel Mac OS X 10_15_7) AppleWebKit/605.1.15 (KHTML, like Gecko) Version/27.2 Safari/605.1.15"
[2026-10-10 21:19:46] info: ::1 - - "GET /assets/index-DRJ4-Rlb.js HTTP/1.1" 200 733104 "http://localhost:3000/" "Mozilla/5.0 (Macintosh; Intel Mac OS X 10_15_7) AppleWebKit/605.1.15 (KHTML, like Gecko) Version/27.2 Safari/605.1.15"
[2026-10-10 21:19:46] info: ::1 - - "GET /api/config HTTP/1.1" 200 12659 "http://localhost:3000/" "Mozilla/5.0 (Macintosh; Intel Mac OS X 10_15_7) AppleWebKit/605.1.15 (KHTML, like Gecko) Version/27.2 Safari/605.1.15"
[2026-10-10 21:19:46] info: ::1 - - "GET /api/config HTTP/1.1" 200 12659 "http://localhost:3000/" "Mozilla/5.0 (Macintosh; Intel Mac OS X 10_15_7) AppleWebKit/605.1.15 (KHTML, like Gecko) Version/27.2 Safari/605.1.15"
[2026-10-10 21:19:46] info: ::1 - - "GET /fonts/NotoColorEmoji.ttf HTTP/1.1" 200 10730124 "http://localhost:3000/" "Mozilla/5.0 (Macintosh; Intel Mac OS X 10_15_7) AppleWebKit/605.1.15 (KHTML, like Gecko) Version/27.2 Safari/605.1.15"
[2026-10-10 21:19:47] info: ::1 - - "POST /api/rules/check-conflicts HTTP/1.1" 200 16 "http://localhost:3000/" "Mozilla/5.0 (Macintosh; Intel Mac OS X 10_15_7) AppleWebKit/605.1.15 (KHTML, like Gecko) Version/27.2 Safari/605.1.15"
[2026-10-10 21:19:47] info: ::1 - - "GET /api/users/exists?username=testuser_1791667186358 HTTP/1.1" 200 16 "http://localhost:3000/" "Mozilla/5.0 (Macintosh; Intel Mac OS X 10_15_7) AppleWebKit/605.1.15 (KHTML, like Gecko) Version/27.2 Safari/605.1.15"
[2026-10-10 21:19:47] info: ::1 - - "POST /api/rules/check-conflicts HTTP/1.1" 200 16 "http://localhost:3000/" "Mozilla/5.0 (Macintosh; Intel Mac OS X 10_15_7) AppleWebKit/605.1.15 (KHTML, like Gecko) Version/27.2 Safari/605.1.15"
[2026-10-10 21:19:47] info: New user registered {"user_id":"b16eyyw2","username":"testuser_1791667186358"}
[2026-10-10 21:19:47] info: ::1 - - "POST /api/users/register HTTP/1.1" 200 319 "http://localhost:3000/" "Mozilla/5.0 (Macintosh; Intel Mac OS X 10_15_7) AppleWebKit/605.1.15 (KHTML, like Gecko) Version/27.2 Safari/605.1.15"
[2026-10-10 21:19:47] info: ::1 - - "GET /api/users/me/wishes HTTP/1.1" 200 2 "http://localhost:3000/" "Mozilla/5.0 (Macintosh; Intel Mac OS X 10_15_7) AppleWebKit/605.1.15 (KHTML, like Gecko) Version/27.2 Safari/605.1.15"
[2026-10-10 21:19:47] info: ::1 - - "GET /api/wishes/exclusions HTTP/1.1" 200 2 "http://localhost:3000/" "Mozilla/5.0 (Macintosh; Intel Mac OS X 10_15_7) AppleWebKit/605.1.15 (KHTML, like Gecko) Version/27.2 Safari/605.1.15"
[2026-10-10 21:19:47] info: ::1 - - "GET /api/users/me HTTP/1.1" 200 223 "http://localhost:3000/" "Mozilla/5.0 (Macintosh; Intel Mac OS X 10_15_7) AppleWebKit/605.1.15 (KHTML, like Gecko) Version/27.2 Safari/605.1.15"
[2026-10-10 21:19:47] info: ::1 - - "GET /api/users/me/wishes HTTP/1.1" 200 2 "http://localhost:3000/" "Mozilla/5.0 (Macintosh; Intel Mac OS X 10_15_7) AppleWebKit/605.1.15 (KHTML, like Gecko) Version/27.2 Safari/605.1.15"
[2026-10-10 21:19:47] info: ::1 - - "GET /api/wishes/exclusions HTTP/1.1" 200 2 "http://localhost:3000/" "Mozilla/5.0 (Macintosh; Intel Mac OS X 10_15_7) AppleWebKit/605.1.15 (KHTML, like Gecko) Version/27.2 Safari/605.1.15"
[2026-10-10 21:19:48] info: ::1 - - "POST /api/rules/check-conflicts HTTP/1.1" 200 16 "http://localhost:3000/" "Mozilla/5.0 (Macintosh; Intel Mac OS X 10_15_7) AppleWebKit/605.1.15 (KHTML, like Gecko) Version/27.2 Safari/605.1.15"
[2026-10-10 21:19:48] info: ::1 - - "POST /api/rules/check-conflicts HTTP/1.1" 200 16 "http://localhost:3000/" "Mozilla/5.0 (Macintosh; Intel Mac OS X 10_15_7) AppleWebKit/605.1.15 (KHTML, like Gecko) Version/27.2 Safari/605.1.15"
[2026-10-10 21:19:48] info: Wish created {"user_id":"b16eyyw2","wish_id":"x54vldov"}
[2026-10-10 21:19:48] info: ::1 - - "POST /api/wishes HTTP/1.1" 201 31 "http://localhost:3000/" "Mozilla/5.0 (Macintosh; Intel Mac OS X 10_15_7) AppleWebKit/605.1.15 (KHTML, like Gecko) Version/27.2 Safari/605.1.15"
[2026-10-10 21:19:49] info: ::1 - - "POST /api/rules/check-conflicts HTTP/1.1" 200 16 "http://localhost:3000/" "Mozilla/5.0 (Macintosh; Intel Mac OS X 10_15_7) AppleWebKit/605.1.15 (KHTML, like Gecko) Version/27.2 Safari/605.1.15"
[2026-10-10 21:19:49] info: ::1 - - "GET /api/users/me/wishes HTTP/1.1" 200 407 "http://localhost:3000/" "Mozilla/5.0 (Macintosh; Intel Mac OS X 10_15_7) AppleWebKit/605.1.15 (KHTML, like Gecko) Version/27.2 Safari/605.1.15"
[2026-10-10 21:19:49] info: ::1 - - "GET /api/wishes/exclusions HTTP/1.1" 200 2 "http://localhost:3000/" "Mozilla/5.0 (Macintosh; Intel Mac OS X 10_15_7) AppleWebKit/605.1.15 (KHTML, like Gecko) Version/27.2 Safari/605.1.15"
[2026-10-10 21:19:49] info: ::1 - - "POST /api/rules/check-conflicts HTTP/1.1" 200 16 "http://localhost:3000/" "Mozilla/5.0 (Macintosh; Intel Mac OS X 10_15_7) AppleWebKit/605.1.15 (KHTML, like Gecko) Version/27.2 Safari/605.1.15"
[2026-10-10 21:19:51] info: ::1 - - "POST /api/rules/check-conflicts HTTP/1.1" 200 16 "http://localhost:3000/" "Mozilla/5.0 (Macintosh; Intel Mac OS X 10_15_7) AppleWebKit/605.1.15 (KHTML, like Gecko) Version/27.2 Safari/605.1.15"
[2026-10-10 21:19:51] info: ::1 - - "GET /api/users/exists?username=testuser_1791667186358 HTTP/1.1" 200 15 "http://localhost:3000/" "Mozilla/5.0 (Macintosh; Intel Mac OS X 10_15_7) AppleWebKit/605.1.15 (KHTML, like Gecko) Version/27.2 Safari/605.1.15"
[2026-10-10 21:19:51] info: Successful login {"username":"testuser_1791667186358","ip":"::1"}
[2026-10-10 21:19:51] info: ::1 - - "POST /api/users/login HTTP/1.1" 200 282 "http://localhost:3000/" "Mozilla/5.0 (Macintosh; Intel Mac OS X 10_15_7) AppleWebKit/605.1.15 (KHTML, like Gecko) Version/27.2 Safari/605.1.15"
[2026-10-10 21:19:51] info: ::1 - - "GET /api/users/me/wishes HTTP/1.1" 200 407 "http://localhost:3000/" "Mozilla/5.0 (Macintosh; Intel Mac OS X 10_15_7) AppleWebKit/605.1.15 (KHTML, like Gecko) Version/27.2 Safari/605.1.15"
[2026-10-10 21:19:51] info: ::1 - - "GET /api/wishes/exclusions HTTP/1.1" 200 2 "http://localhost:3000/" "Mozilla/5.0 (Macintosh; Intel Mac OS X 10_15_7) AppleWebKit/605.1.15 (KHTML, like Gecko) Version/27.2 Safari/605.1.15"
[2026-10-10 21:19:51] info: ::1 - - "GET /api/users/me HTTP/1.1" 200 223 "http://localhost:3000/" "Mozilla/5.0 (Macintosh; Intel Mac OS X 10_15_7) AppleWebKit/605.1.15 (KHTML, like Gecko) Version/27.2 Safari/605.1.15"
[2026-10-10 21:19:51] info: ::1 - - "GET /api/users/me/wishes HTTP/1.1" 200 407 "http://localhost:3000/" "Mozilla/5.0 (Macintosh; Intel Mac OS X 10_15_7) AppleWebKit/605.1.15 (KHTML, like Gecko) Version/27.2 Safari/605.1.15"
[2026-10-10 21:19:51] info: ::1 - - "GET /api/wishes/exclusions HTTP/1.1" 200 2 "http://localhost:3000/" "Mozilla/5.0 (Macintosh; Intel Mac OS X 10_15_7) AppleWebKit/605.1.15 (KHTML, like Gecko) Version/27.2 Safari/605.1.15"
[2026-10-10 21:19:51] info: ::1 - - "GET / HTTP/1.1" 200 698 "-" "Mozilla/5.0 (Macintosh; Intel Mac OS X 10_15_7) AppleWebKit/605.1.15 (KHTML, like Gecko) Version/27.2 Safari/605.1.15"
[2026-10-10 21:19:51] info: ::1 - - "GET /theme.css HTTP/1.1" 200 415 "http://localhost:3000/" "Mozilla/5.0 (Macintosh; Intel Mac OS X 10_15_7) AppleWebKit/605.1.15 (KHTML, like Gecko) Version/27.2 Safari/605.1.15"
[2026-10-10 21:19:51] info: ::1 - - "GET /assets/rolldown-runtime-C0FnF6B9.js HTTP/1.1" 200 1291 "http://localhost:3000/" "Mozilla/5.0 (Macintosh; Intel Mac OS X 10_15_7) AppleWebKit/605.1.15 (KHTML, like Gecko) Version/27.2 Safari/605.1.15"
[2026-10-10 21:19:51] info: ::1 - - "GET /assets/jsx-runtime-CKeovgl0.js HTTP/1.1" 200 7899 "http://localhost:3000/" "Mozilla/5.0 (Macintosh; Intel Mac OS X 10_15_7) AppleWebKit/605.1.15 (KHTML, like Gecko) Version/27.2 Safari/605.1.15"
[2026-10-10 21:19:51] info: ::1 - - "GET /assets/index-DfIzgRz4.css HTTP/1.1" 200 19113 "http://localhost:3000/" "Mozilla/5.0 (Macintosh; Intel Mac OS X 10_15_7) AppleWebKit/605.1.15 (KHTML, like Gecko) Version/27.2 Safari/605.1.15"
[2026-10-10 21:19:51] info: ::1 - - "GET /assets/index-DRJ4-Rlb.js HTTP/1.1" 200 733104 "http://localhost:3000/" "Mozilla/5.0 (Macintosh; Intel Mac OS X 10_15_7) AppleWebKit/605.1.15 (KHTML, like Gecko) Version/27.2 Safari/605.1.15"
[2026-10-10 21:19:52] info: ::1 - - "GET /api/config HTTP/1.1" 200 12659 "http://localhost:3000/" "Mozilla/5.0 (Macintosh; Intel Mac OS X 10_15_7) AppleWebKit/605.1.15 (KHTML, like Gecko) Version/27.2 Safari/605.1.15"
[2026-10-10 21:19:52] info: ::1 - - "GET /api/config HTTP/1.1" 200 12659 "http://localhost:3000/" "Mozilla/5.0 (Macintosh; Intel Mac OS X 10_15_7) AppleWebKit/605.1.15 (KHTML, like Gecko) Version/27.2 Safari/605.1.15"
[2026-10-10 21:19:52] info: ::1 - - "GET /fonts/NotoColorEmoji.ttf HTTP/1.1" 200 10730124 "http://localhost:3000/" "Mozilla/5.0 (Macintosh; Intel Mac OS X 10_15_7) AppleWebKit/605.1.15 (KHTML, like Gecko) Version/27.2 Safari/605.1.15"
[2026-10-10 21:19:52] info: ::1 - - "POST /api/rules/check-conflicts HTTP/1.1" 200 16 "http://localhost:3000/" "Mozilla/5.0 (Macintosh; Intel Mac OS X 10_15_7) AppleWebKit/605.1.15 (KHTML, like Gecko) Version/27.2 Safari/605.1.15"
[2026-10-10 21:19:52] info: ::1 - - "POST /api/rules/check-conflicts HTTP/1.1" 200 16 "http://localhost:3000/" "Mozilla/5.0 (Macintosh; Intel Mac OS X 10_15_7) AppleWebKit/605.1.15 (KHTML, like Gecko) Version/27.2 Safari/605.1.15"
[2026-10-10 21:19:53] info: Wish created {"user_id":null,"wish_id":"c6adgv0s"}
[2026-10-10 21:19:53] info: ::1 - - "POST /api/wishes HTTP/1.1" 201 47 "http://localhost:3000/" "Mozilla/5.0 (Macintosh; Intel Mac OS X 10_15_7) AppleWebKit/605.1.15 (KHTML, like Gecko) Version/27.2 Safari/605.1.15"
[2026-10-10 21:19:53] info: ::1 - - "POST /api/rules/check-conflicts HTTP/1.1" 200 16 "http://localhost:3000/" "Mozilla/5.0 (Macintosh; Intel Mac OS X 10_15_7) AppleWebKit/605.1.15 (KHTML, like Gecko) Version/27.2 Safari/605.1.15"
[2026-10-10 21:19:53] info: ::1 - - "POST /api/rules/check-conflicts HTTP/1.1" 200 16 "http://localhost:3000/" "Mozilla/5.0 (Macintosh; Intel Mac OS X 10_15_7) AppleWebKit/605.1.15 (KHTML, like Gecko) Version/27.2 Safari/605.1.15"
[2026-10-10 21:19:53] info: WebSocket client connected: J5tAcSzrQXWnFbtFAAAN
[2026-10-10 21:19:54] info: ::1 - - "GET /api/wishes?q=Flagged+test+wish+content+1791667191962&ignore_attributes=1 HTTP/1.1" 200 174 "http://localhost:3000/" "Mozilla/5.0 (Macintosh; Intel Mac OS X 10_15_7) AppleWebKit/605.1.15 (KHTML, like Gecko) Version/27.2 Safari/605.1.15"
[2026-10-10 21:19:54] warn: Wish flagged for moderation {"wish_id":"c6adgv0s"}
[2026-10-10 21:19:54] info: ::1 - - "POST /api/wishes/c6adgv0s/flag HTTP/1.1" 200 16 "http://localhost:3000/" "Mozilla/5.0 (Macintosh; Intel Mac OS X 10_15_7) AppleWebKit/605.1.15 (KHTML, like Gecko) Version/27.2 Safari/605.1.15"
[2026-10-10 21:19:55] warn: Failed login attempt {"username":"admin","ip":"::1"}
[2026-10-10 21:19:55] info: ::1 - - "POST /api/users/login HTTP/1.1" 401 43 "http://localhost:3000/" "Mozilla/5.0 (Macintosh; Intel Mac OS X 10_15_7) AppleWebKit/605.1.15 (KHTML, like Gecko) Version/27.2 Safari/605.1.15"
[2026-10-10 21:20:51] info: WebSocket client disconnected: J5tAcSzrQXWnFbtFAAAN
[2026-10-10 21:20:53] info: ::1 - - "GET / HTTP/1.1" 200 698 "-" "Mozilla/5.0 (Macintosh; Intel Mac OS X 10_15_7) AppleWebKit/605.1.15 (KHTML, like Gecko) Version/27.2 Safari/605.1.15"
[2026-10-10 21:20:53] info: ::1 - - "GET /theme.css HTTP/1.1" 200 415 "http://localhost:3000/" "Mozilla/5.0 (Macintosh; Intel Mac OS X 10_15_7) AppleWebKit/605.1.15 (KHTML, like Gecko) Version/27.2 Safari/605.1.15"
[2026-10-10 21:20:53] info: ::1 - - "GET /assets/rolldown-runtime-C0FnF6B9.js HTTP/1.1" 200 1291 "http://localhost:3000/" "Mozilla/5.0 (Macintosh; Intel Mac OS X 10_15_7) AppleWebKit/605.1.15 (KHTML, like Gecko) Version/27.2 Safari/605.1.15"
[2026-10-10 21:20:53] info: ::1 - - "GET /assets/jsx-runtime-CKeovgl0.js HTTP/1.1" 200 7899 "http://localhost:3000/" "Mozilla/5.0 (Macintosh; Intel Mac OS X 10_15_7) AppleWebKit/605.1.15 (KHTML, like Gecko) Version/27.2 Safari/605.1.15"
[2026-10-10 21:20:53] info: ::1 - - "GET /assets/index-DRJ4-Rlb.js HTTP/1.1" 200 733104 "http://localhost:3000/" "Mozilla/5.0 (Macintosh; Intel Mac OS X 10_15_7) AppleWebKit/605.1.15 (KHTML, like Gecko) Version/27.2 Safari/605.1.15"
[2026-10-10 21:20:53] info: ::1 - - "GET /assets/index-DfIzgRz4.css HTTP/1.1" 200 19113 "http://localhost:3000/" "Mozilla/5.0 (Macintosh; Intel Mac OS X 10_15_7) AppleWebKit/605.1.15 (KHTML, like Gecko) Version/27.2 Safari/605.1.15"
[2026-10-10 21:20:53] info: ::1 - - "GET /api/config HTTP/1.1" 200 12659 "http://localhost:3000/" "Mozilla/5.0 (Macintosh; Intel Mac OS X 10_15_7) AppleWebKit/605.1.15 (KHTML, like Gecko) Version/27.2 Safari/605.1.15"
[2026-10-10 21:20:53] info: ::1 - - "GET /api/config HTTP/1.1" 200 12659 "http://localhost:3000/" "Mozilla/5.0 (Macintosh; Intel Mac OS X 10_15_7) AppleWebKit/605.1.15 (KHTML, like Gecko) Version/27.2 Safari/605.1.15"
[2026-10-10 21:20:53] info: ::1 - - "GET /fonts/NotoColorEmoji.ttf HTTP/1.1" 200 10730124 "http://localhost:3000/" "Mozilla/5.0 (Macintosh; Intel Mac OS X 10_15_7) AppleWebKit/605.1.15 (KHTML, like Gecko) Version/27.2 Safari/605.1.15"
[2026-10-10 21:20:53] debug: Loaded 51 rules from the database
[2026-10-10 21:20:53] info: ::1 - - "POST /api/rules/check-conflicts HTTP/1.1" 200 16 "http://localhost:3000/" "Mozilla/5.0 (Macintosh; Intel Mac OS X 10_15_7) AppleWebKit/605.1.15 (KHTML, like Gecko) Version/27.2 Safari/605.1.15"
[2026-10-10 21:20:53] info: ::1 - - "POST /api/rules/check-conflicts HTTP/1.1" 200 16 "http://localhost:3000/" "Mozilla/5.0 (Macintosh; Intel Mac OS X 10_15_7) AppleWebKit/605.1.15 (KHTML, like Gecko) Version/27.2 Safari/605.1.15"
[2026-10-10 21:20:54] info: Wish created {"user_id":null,"wish_id":"q9e8ptks"}
[2026-10-10 21:20:54] info: ::1 - - "POST /api/wishes HTTP/1.1" 201 48 "http://localhost:3000/" "Mozilla/5.0 (Macintosh; Intel Mac OS X 10_15_7) AppleWebKit/605.1.15 (KHTML, like Gecko) Version/27.2 Safari/605.1.15"
[2026-10-10 21:20:54] info: ::1 - - "GET /api/wishes/q9e8ptks HTTP/1.1" 200 237 "http://localhost:3000/" "Mozilla/5.0 (Macintosh; Intel Mac OS X 10_15_7) AppleWebKit/605.1.15 (KHTML, like Gecko) Version/27.2 Safari/605.1.15"
[2026-10-10 21:20:54] info: ::1 - - "POST /api/wishes/q9e8ptks/manage HTTP/1.1" 200 50 "http://localhost:3000/" "Mozilla/5.0 (Macintosh; Intel Mac OS X 10_15_7) AppleWebKit/605.1.15 (KHTML, like Gecko) Version/27.2 Safari/605.1.15"
[2026-10-10 21:20:55] info: ::1 - - "POST /api/wishes/q9e8ptks/deactivate HTTP/1.1" 200 16 "http://localhost:3000/" "Mozilla/5.0 (Macintosh; Intel Mac OS X 10_15_7) AppleWebKit/605.1.15 (KHTML, like Gecko) Version/27.2 Safari/605.1.15"
[2026-10-10 21:20:55] info: WebSocket client connected: fMFSL2pFRxe80qZiAAAO
[2026-10-10 21:20:56] info: ::1 - - "GET /api/wishes?q=UPDATED+text+1791667253047&ignore_attributes=1 HTTP/1.1" 200 2 "http://localhost:3000/" "Mozilla/5.0 (Macintosh; Intel Mac OS X 10_15_7) AppleWebKit/605.1.15 (KHTML, like Gecko) Version/27.2 Safari/605.1.15"
[2026-10-10 21:20:56] info: ::1 - - "GET /api/wishes/q9e8ptks HTTP/1.1" 200 237 "http://localhost:3000/" "Mozilla/5.0 (Macintosh; Intel Mac OS X 10_15_7) AppleWebKit/605.1.15 (KHTML, like Gecko) Version/27.2 Safari/605.1.15"
[2026-10-10 21:20:56] info: ::1 - - "POST /api/wishes/q9e8ptks/reactivate HTTP/1.1" 200 16 "http://localhost:3000/" "Mozilla/5.0 (Macintosh; Intel Mac OS X 10_15_7) AppleWebKit/605.1.15 (KHTML, like Gecko) Version/27.2 Safari/605.1.15"
[2026-10-10 21:20:57] info: ::1 - - "GET /api/wishes?q=UPDATED+text+1791667253047&ignore_attributes=1 HTTP/1.1" 200 177 "http://localhost:3000/" "Mozilla/5.0 (Macintosh; Intel Mac OS X 10_15_7) AppleWebKit/605.1.15 (KHTML, like Gecko) Version/27.2 Safari/605.1.15"
[2026-10-10 21:20:57] info: WebSocket client disconnected: fMFSL2pFRxe80qZiAAAO
[2026-10-10 21:20:57] info: ::1 - - "GET / HTTP/1.1" 200 698 "-" "Mozilla/5.0 (Macintosh; Intel Mac OS X 10_15_7) AppleWebKit/605.1.15 (KHTML, like Gecko) Version/27.2 Safari/605.1.15"
[2026-10-10 21:20:57] info: ::1 - - "GET /theme.css HTTP/1.1" 200 415 "http://localhost:3000/" "Mozilla/5.0 (Macintosh; Intel Mac OS X 10_15_7) AppleWebKit/605.1.15 (KHTML, like Gecko) Version/27.2 Safari/605.1.15"
[2026-10-10 21:20:57] info: ::1 - - "GET /assets/rolldown-runtime-C0FnF6B9.js HTTP/1.1" 200 1291 "http://localhost:3000/" "Mozilla/5.0 (Macintosh; Intel Mac OS X 10_15_7) AppleWebKit/605.1.15 (KHTML, like Gecko) Version/27.2 Safari/605.1.15"
[2026-10-10 21:20:57] info: ::1 - - "GET /assets/jsx-runtime-CKeovgl0.js HTTP/1.1" 200 7899 "http://localhost:3000/" "Mozilla/5.0 (Macintosh; Intel Mac OS X 10_15_7) AppleWebKit/605.1.15 (KHTML, like Gecko) Version/27.2 Safari/605.1.15"
[2026-10-10 21:20:57] info: ::1 - - "GET /assets/index-DfIzgRz4.css HTTP/1.1" 200 19113 "http://localhost:3000/" "Mozilla/5.0 (Macintosh; Intel Mac OS X 10_15_7) AppleWebKit/605.1.15 (KHTML, like Gecko) Version/27.2 Safari/605.1.15"
[2026-10-10 21:20:57] info: ::1 - - "GET /assets/index-DRJ4-Rlb.js HTTP/1.1" 200 733104 "http://localhost:3000/" "Mozilla/5.0 (Macintosh; Intel Mac OS X 10_15_7) AppleWebKit/605.1.15 (KHTML, like Gecko) Version/27.2 Safari/605.1.15"
[2026-10-10 21:20:57] info: ::1 - - "GET /api/config HTTP/1.1" 200 12659 "http://localhost:3000/" "Mozilla/5.0 (Macintosh; Intel Mac OS X 10_15_7) AppleWebKit/605.1.15 (KHTML, like Gecko) Version/27.2 Safari/605.1.15"
[2026-10-10 21:20:57] info: ::1 - - "GET /api/config HTTP/1.1" 200 12659 "http://localhost:3000/" "Mozilla/5.0 (Macintosh; Intel Mac OS X 10_15_7) AppleWebKit/605.1.15 (KHTML, like Gecko) Version/27.2 Safari/605.1.15"
[2026-10-10 21:20:57] info: ::1 - - "GET /fonts/NotoColorEmoji.ttf HTTP/1.1" 200 10730124 "http://localhost:3000/" "Mozilla/5.0 (Macintosh; Intel Mac OS X 10_15_7) AppleWebKit/605.1.15 (KHTML, like Gecko) Version/27.2 Safari/605.1.15"
[2026-10-10 21:20:58] info: ::1 - - "POST /api/rules/check-conflicts HTTP/1.1" 200 16 "http://localhost:3000/" "Mozilla/5.0 (Macintosh; Intel Mac OS X 10_15_7) AppleWebKit/605.1.15 (KHTML, like Gecko) Version/27.2 Safari/605.1.15"
[2026-10-10 21:20:58] info: ::1 - - "POST /api/rules/check-conflicts HTTP/1.1" 200 16 "http://localhost:3000/" "Mozilla/5.0 (Macintosh; Intel Mac OS X 10_15_7) AppleWebKit/605.1.15 (KHTML, like Gecko) Version/27.2 Safari/605.1.15"
[2026-10-10 21:20:59] info: Wish created {"user_id":null,"wish_id":"bh4asob7"}
[2026-10-10 21:20:59] info: ::1 - - "POST /api/wishes HTTP/1.1" 201 46 "http://localhost:3000/" "Mozilla/5.0 (Macintosh; Intel Mac OS X 10_15_7) AppleWebKit/605.1.15 (KHTML, like Gecko) Version/27.2 Safari/605.1.15"
[2026-10-10 21:20:59] info: ::1 - - "POST /api/rules/check-conflicts HTTP/1.1" 200 16 "http://localhost:3000/" "Mozilla/5.0 (Macintosh; Intel Mac OS X 10_15_7) AppleWebKit/605.1.15 (KHTML, like Gecko) Version/27.2 Safari/605.1.15"
[2026-10-10 21:20:59] info: ::1 - - "POST /api/rules/check-conflicts HTTP/1.1" 200 16 "http://localhost:3000/" "Mozilla/5.0 (Macintosh; Intel Mac OS X 10_15_7) AppleWebKit/605.1.15 (KHTML, like Gecko) Version/27.2 Safari/605.1.15"
[2026-10-10 21:20:59] info: WebSocket client connected: BCxEXRnB5mfM-mJ5AAAP
[2026-10-10 21:21:00] info: ::1 - - "GET /api/wishes?q=Target+Wish+1791667257451&ignore_attributes=1 HTTP/1.1" 200 168 "http://localhost:3000/" "Mozilla/5.0 (Macintosh; Intel Mac OS X 10_15_7) AppleWebKit/605.1.15 (KHTML, like Gecko) Version/27.2 Safari/605.1.15"
[2026-10-10 21:21:01] info: Wishmail sent {"sender_id":null,"target_wish_id":"bh4asob7"}
[2026-10-10 21:21:01] info: ::1 - - "POST /api/wishes/bh4asob7/mail HTTP/1.1" 200 32 "http://localhost:3000/" "Mozilla/5.0 (Macintosh; Intel Mac OS X 10_15_7) AppleWebKit/605.1.15 (KHTML, like Gecko) Version/27.2 Safari/605.1.15"
[2026-10-10 21:21:04] info: ::1 - - "GET /api/wishes/bh4asob7/mail HTTP/1.1" 200 167 "http://localhost:3000/" "Mozilla/5.0 (Macintosh; Intel Mac OS X 10_15_7) AppleWebKit/605.1.15 (KHTML, like Gecko) Version/27.2 Safari/605.1.15"
[2026-10-10 21:21:04] info: WebSocket client disconnected: BCxEXRnB5mfM-mJ5AAAP
[2026-10-10 21:24:07] info: ::1 - - "GET / HTTP/1.1" 200 698 "-" "-"
[2026-10-10 21:24:07] info: ::1 - - "GET / HTTP/1.1" 200 698 "-" "-"
[2026-10-10 21:24:08] info: ::1 - - "GET / HTTP/1.1" 200 698 "-" "Mozilla/5.0 (Windows NT 10.0; Win64; x64) AppleWebKit/537.36 (KHTML, like Gecko) Chrome/156.0.8078.4 Safari/537.36"
[2026-10-10 21:24:08] info: ::1 - - "GET /theme.css HTTP/1.1" 200 415 "http://localhost:3000/" "Mozilla/5.0 (Windows NT 10.0; Win64; x64) AppleWebKit/537.36 (KHTML, like Gecko) Chrome/156.0.8078.4 Safari/537.36"
[2026-10-10 21:24:08] info: ::1 - - "GET /assets/index-DfIzgRz4.css HTTP/1.1" 200 19113 "http://localhost:3000/" "Mozilla/5.0 (Windows NT 10.0; Win64; x64) AppleWebKit/537.36 (KHTML, like Gecko) Chrome/156.0.8078.4 Safari/537.36"
[2026-10-10 21:24:08] info: ::1 - - "GET /assets/rolldown-runtime-C0FnF6B9.js HTTP/1.1" 200 1291 "http://localhost:3000/" "Mozilla/5.0 (Windows NT 10.0; Win64; x64) AppleWebKit/537.36 (KHTML, like Gecko) Chrome/156.0.8078.4 Safari/537.36"
[2026-10-10 21:24:08] info: ::1 - - "GET /assets/jsx-runtime-CKeovgl0.js HTTP/1.1" 200 7899 "http://localhost:3000/" "Mozilla/5.0 (Windows NT 10.0; Win64; x64) AppleWebKit/537.36 (KHTML, like Gecko) Chrome/156.0.8078.4 Safari/537.36"
[2026-10-10 21:24:08] info: ::1 - - "GET /assets/index-DRJ4-Rlb.js HTTP/1.1" 200 733104 "http://localhost:3000/" "Mozilla/5.0 (Windows NT 10.0; Win64; x64) AppleWebKit/537.36 (KHTML, like Gecko) Chrome/156.0.8078.4 Safari/537.36"
[2026-10-10 21:24:08] info: ::1 - - "GET /api/config HTTP/1.1" 200 12659 "http://localhost:3000/" "Mozilla/5.0 (Windows NT 10.0; Win64; x64) AppleWebKit/537.36 (KHTML, like Gecko) Chrome/156.0.8078.4 Safari/537.36"
[2026-10-10 21:24:08] info: ::1 - - "GET /api/config HTTP/1.1" 304 - "http://localhost:3000/" "Mozilla/5.0 (Windows NT 10.0; Win64; x64) AppleWebKit/537.36 (KHTML, like Gecko) Chrome/156.0.8078.4 Safari/537.36"
[2026-10-10 21:24:09] warn: Failed login attempt {"username":"admin","ip":"::1"}
[2026-10-10 21:24:09] info: ::1 - - "POST /api/users/login HTTP/1.1" 401 43 "http://localhost:3000/" "Mozilla/5.0 (Windows NT 10.0; Win64; x64) AppleWebKit/537.36 (KHTML, like Gecko) Chrome/156.0.8078.4 Safari/537.36"
[2026-10-10 21:24:15] info: ::1 - - "GET / HTTP/1.1" 200 698 "-" "Mozilla/5.0 (Windows NT 10.0; Win64; x64) AppleWebKit/537.36 (KHTML, like Gecko) Chrome/156.0.8078.4 Safari/537.36"
[2026-10-10 21:24:15] info: ::1 - - "GET /theme.css HTTP/1.1" 200 415 "http://localhost:3000/" "Mozilla/5.0 (Windows NT 10.0; Win64; x64) AppleWebKit/537.36 (KHTML, like Gecko) Chrome/156.0.8078.4 Safari/537.36"
[2026-10-10 21:24:15] info: ::1 - - "GET /assets/index-DfIzgRz4.css HTTP/1.1" 200 19113 "http://localhost:3000/" "Mozilla/5.0 (Windows NT 10.0; Win64; x64) AppleWebKit/537.36 (KHTML, like Gecko) Chrome/156.0.8078.4 Safari/537.36"
[2026-10-10 21:24:15] info: ::1 - - "GET /assets/rolldown-runtime-C0FnF6B9.js HTTP/1.1" 200 1291 "http://localhost:3000/" "Mozilla/5.0 (Windows NT 10.0; Win64; x64) AppleWebKit/537.36 (KHTML, like Gecko) Chrome/156.0.8078.4 Safari/537.36"
[2026-10-10 21:24:15] info: ::1 - - "GET /assets/jsx-runtime-CKeovgl0.js HTTP/1.1" 200 7899 "http://localhost:3000/" "Mozilla/5.0 (Windows NT 10.0; Win64; x64) AppleWebKit/537.36 (KHTML, like Gecko) Chrome/156.0.8078.4 Safari/537.36"
[2026-10-10 21:24:15] info: ::1 - - "GET /assets/index-DRJ4-Rlb.js HTTP/1.1" 200 733104 "http://localhost:3000/" "Mozilla/5.0 (Windows NT 10.0; Win64; x64) AppleWebKit/537.36 (KHTML, like Gecko) Chrome/156.0.8078.4 Safari/537.36"
[2026-10-10 21:24:15] info: ::1 - - "GET /api/config HTTP/1.1" 200 12659 "http://localhost:3000/" "Mozilla/5.0 (Windows NT 10.0; Win64; x64) AppleWebKit/537.36 (KHTML, like Gecko) Chrome/156.0.8078.4 Safari/537.36"
[2026-10-10 21:24:15] info: ::1 - - "GET /api/config HTTP/1.1" 304 - "http://localhost:3000/" "Mozilla/5.0 (Windows NT 10.0; Win64; x64) AppleWebKit/537.36 (KHTML, like Gecko) Chrome/156.0.8078.4 Safari/537.36"
[2026-10-10 21:24:15] info: ::1 - - "GET /fonts/NotoColorEmoji.ttf HTTP/1.1" 200 10730124 "http://localhost:3000/assets/index-DfIzgRz4.css" "Mozilla/5.0 (Windows NT 10.0; Win64; x64) AppleWebKit/537.36 (KHTML, like Gecko) Chrome/156.0.8078.4 Safari/537.36"
[2026-10-10 21:24:16] debug: Loaded 51 rules from the database
[2026-10-10 21:24:16] info: Wish created {"user_id":null,"wish_id":"35xkz4bt"}
[2026-10-10 21:24:16] info: ::1 - - "POST /api/wishes HTTP/1.1" 201 45 "http://localhost:3000/" "Mozilla/5.0 (Windows NT 10.0; Win64; x64) AppleWebKit/537.36 (KHTML, like Gecko) Chrome/156.0.8078.4 Safari/537.36"
[2026-10-10 21:24:16] info: ::1 - - "POST /api/rules/check-conflicts HTTP/1.1" 200 16 "http://localhost:3000/" "Mozilla/5.0 (Windows NT 10.0; Win64; x64) AppleWebKit/537.36 (KHTML, like Gecko) Chrome/156.0.8078.4 Safari/537.36"
[2026-10-10 21:24:16] info: WebSocket client connected: cdtZBdiRN5DQBchsAAAQ
[2026-10-10 21:24:16] info: ::1 - - "GET /api/wishes?q=Spontaneous+road+trip&attributes=%7B%22gender%22%3A%22non-binary%22%2C%22orientation%22%3A%22queer%22%2C%22role%22%3A%22switch%22%7D HTTP/1.1" 200 1849 "http://localhost:3000/" "Mozilla/5.0 (Windows NT 10.0; Win64; x64) AppleWebKit/537.36 (KHTML, like Gecko) Chrome/156.0.8078.4 Safari/537.36"
[2026-10-10 21:24:16] warn: Failed login attempt {"username":"admin","ip":"::1"}
[2026-10-10 21:24:16] info: ::1 - - "POST /api/users/login HTTP/1.1" 401 43 "http://localhost:3000/" "Mozilla/5.0 (Windows NT 10.0; Win64; x64) AppleWebKit/537.36 (KHTML, like Gecko) Chrome/156.0.8078.4 Safari/537.36"
[2026-10-10 21:24:21] info: WebSocket client disconnected: cdtZBdiRN5DQBchsAAAQ
[2026-10-10 21:24:22] info: ::1 - - "GET / HTTP/1.1" 200 698 "-" "Mozilla/5.0 (Windows NT 10.0; Win64; x64) AppleWebKit/537.36 (KHTML, like Gecko) Chrome/156.0.8078.4 Safari/537.36"
[2026-10-10 21:24:22] info: ::1 - - "GET /theme.css HTTP/1.1" 200 415 "http://localhost:3000/" "Mozilla/5.0 (Windows NT 10.0; Win64; x64) AppleWebKit/537.36 (KHTML, like Gecko) Chrome/156.0.8078.4 Safari/537.36"
[2026-10-10 21:24:22] info: ::1 - - "GET /assets/index-DfIzgRz4.css HTTP/1.1" 200 19113 "http://localhost:3000/" "Mozilla/5.0 (Windows NT 10.0; Win64; x64) AppleWebKit/537.36 (KHTML, like Gecko) Chrome/156.0.8078.4 Safari/537.36"
[2026-10-10 21:24:22] info: ::1 - - "GET /assets/rolldown-runtime-C0FnF6B9.js HTTP/1.1" 200 1291 "http://localhost:3000/" "Mozilla/5.0 (Windows NT 10.0; Win64; x64) AppleWebKit/537.36 (KHTML, like Gecko) Chrome/156.0.8078.4 Safari/537.36"
[2026-10-10 21:24:22] info: ::1 - - "GET /assets/jsx-runtime-CKeovgl0.js HTTP/1.1" 200 7899 "http://localhost:3000/" "Mozilla/5.0 (Windows NT 10.0; Win64; x64) AppleWebKit/537.36 (KHTML, like Gecko) Chrome/156.0.8078.4 Safari/537.36"
[2026-10-10 21:24:23] info: ::1 - - "GET /assets/index-DRJ4-Rlb.js HTTP/1.1" 200 733104 "http://localhost:3000/" "Mozilla/5.0 (Windows NT 10.0; Win64; x64) AppleWebKit/537.36 (KHTML, like Gecko) Chrome/156.0.8078.4 Safari/537.36"
[2026-10-10 21:24:23] info: ::1 - - "GET /api/config HTTP/1.1" 200 12659 "http://localhost:3000/" "Mozilla/5.0 (Windows NT 10.0; Win64; x64) AppleWebKit/537.36 (KHTML, like Gecko) Chrome/156.0.8078.4 Safari/537.36"
[2026-10-10 21:24:23] info: ::1 - - "GET /api/config HTTP/1.1" 304 - "http://localhost:3000/" "Mozilla/5.0 (Windows NT 10.0; Win64; x64) AppleWebKit/537.36 (KHTML, like Gecko) Chrome/156.0.8078.4 Safari/537.36"
[2026-10-10 21:24:23] info: ::1 - - "GET /fonts/NotoColorEmoji.ttf HTTP/1.1" 200 10730124 "http://localhost:3000/assets/index-DfIzgRz4.css" "Mozilla/5.0 (Windows NT 10.0; Win64; x64) AppleWebKit/537.36 (KHTML, like Gecko) Chrome/156.0.8078.4 Safari/537.36"
[2026-10-10 21:24:23] info: New user registered {"user_id":"ysbakdti","username":"testuser_1791667462966"}
[2026-10-10 21:24:23] info: ::1 - - "POST /api/users/register HTTP/1.1" 200 319 "http://localhost:3000/" "Mozilla/5.0 (Windows NT 10.0; Win64; x64) AppleWebKit/537.36 (KHTML, like Gecko) Chrome/156.0.8078.4 Safari/537.36"
[2026-10-10 21:24:23] info: ::1 - - "GET /api/users/me/wishes HTTP/1.1" 200 2 "http://localhost:3000/" "Mozilla/5.0 (Windows NT 10.0; Win64; x64) AppleWebKit/537.36 (KHTML, like Gecko) Chrome/156.0.8078.4 Safari/537.36"
[2026-10-10 21:24:23] info: ::1 - - "GET /api/wishes/exclusions HTTP/1.1" 200 2 "http://localhost:3000/" "Mozilla/5.0 (Windows NT 10.0; Win64; x64) AppleWebKit/537.36 (KHTML, like Gecko) Chrome/156.0.8078.4 Safari/537.36"
[2026-10-10 21:24:23] info: ::1 - - "GET /api/users/me HTTP/1.1" 200 223 "http://localhost:3000/" "Mozilla/5.0 (Windows NT 10.0; Win64; x64) AppleWebKit/537.36 (KHTML, like Gecko) Chrome/156.0.8078.4 Safari/537.36"
[2026-10-10 21:24:23] info: ::1 - - "GET /api/users/me/wishes HTTP/1.1" 304 - "http://localhost:3000/" "Mozilla/5.0 (Windows NT 10.0; Win64; x64) AppleWebKit/537.36 (KHTML, like Gecko) Chrome/156.0.8078.4 Safari/537.36"
[2026-10-10 21:24:23] info: ::1 - - "GET /api/wishes/exclusions HTTP/1.1" 304 - "http://localhost:3000/" "Mozilla/5.0 (Windows NT 10.0; Win64; x64) AppleWebKit/537.36 (KHTML, like Gecko) Chrome/156.0.8078.4 Safari/537.36"
[2026-10-10 21:24:23] info: Wish created {"user_id":"ysbakdti","wish_id":"sgppihqi"}
[2026-10-10 21:24:23] info: ::1 - - "POST /api/wishes HTTP/1.1" 201 31 "http://localhost:3000/" "Mozilla/5.0 (Windows NT 10.0; Win64; x64) AppleWebKit/537.36 (KHTML, like Gecko) Chrome/156.0.8078.4 Safari/537.36"
[2026-10-10 21:24:23] info: ::1 - - "GET /api/users/me/wishes HTTP/1.1" 200 407 "http://localhost:3000/" "Mozilla/5.0 (Windows NT 10.0; Win64; x64) AppleWebKit/537.36 (KHTML, like Gecko) Chrome/156.0.8078.4 Safari/537.36"
[2026-10-10 21:24:23] info: ::1 - - "GET /api/wishes/exclusions HTTP/1.1" 304 - "http://localhost:3000/" "Mozilla/5.0 (Windows NT 10.0; Win64; x64) AppleWebKit/537.36 (KHTML, like Gecko) Chrome/156.0.8078.4 Safari/537.36"
[2026-10-10 21:24:24] info: Successful login {"username":"testuser_1791667462966","ip":"::1"}
[2026-10-10 21:24:24] info: ::1 - - "POST /api/users/login HTTP/1.1" 200 282 "http://localhost:3000/" "Mozilla/5.0 (Windows NT 10.0; Win64; x64) AppleWebKit/537.36 (KHTML, like Gecko) Chrome/156.0.8078.4 Safari/537.36"
[2026-10-10 21:24:24] info: ::1 - - "GET /api/users/me/wishes HTTP/1.1" 304 - "http://localhost:3000/" "Mozilla/5.0 (Windows NT 10.0; Win64; x64) AppleWebKit/537.36 (KHTML, like Gecko) Chrome/156.0.8078.4 Safari/537.36"
[2026-10-10 21:24:24] info: ::1 - - "GET /api/wishes/exclusions HTTP/1.1" 304 - "http://localhost:3000/" "Mozilla/5.0 (Windows NT 10.0; Win64; x64) AppleWebKit/537.36 (KHTML, like Gecko) Chrome/156.0.8078.4 Safari/537.36"
[2026-10-10 21:24:24] info: ::1 - - "GET /api/users/me HTTP/1.1" 304 - "http://localhost:3000/" "Mozilla/5.0 (Windows NT 10.0; Win64; x64) AppleWebKit/537.36 (KHTML, like Gecko) Chrome/156.0.8078.4 Safari/537.36"
[2026-10-10 21:24:24] info: ::1 - - "GET /api/users/me/wishes HTTP/1.1" 304 - "http://localhost:3000/" "Mozilla/5.0 (Windows NT 10.0; Win64; x64) AppleWebKit/537.36 (KHTML, like Gecko) Chrome/156.0.8078.4 Safari/537.36"
[2026-10-10 21:24:24] info: ::1 - - "GET /api/wishes/exclusions HTTP/1.1" 304 - "http://localhost:3000/" "Mozilla/5.0 (Windows NT 10.0; Win64; x64) AppleWebKit/537.36 (KHTML, like Gecko) Chrome/156.0.8078.4 Safari/537.36"
[2026-10-10 21:24:24] info: ::1 - - "GET / HTTP/1.1" 200 698 "-" "Mozilla/5.0 (Windows NT 10.0; Win64; x64) AppleWebKit/537.36 (KHTML, like Gecko) Chrome/156.0.8078.4 Safari/537.36"
[2026-10-10 21:24:24] info: ::1 - - "GET /theme.css HTTP/1.1" 200 415 "http://localhost:3000/" "Mozilla/5.0 (Windows NT 10.0; Win64; x64) AppleWebKit/537.36 (KHTML, like Gecko) Chrome/156.0.8078.4 Safari/537.36"
[2026-10-10 21:24:24] info: ::1 - - "GET /assets/index-DfIzgRz4.css HTTP/1.1" 200 19113 "http://localhost:3000/" "Mozilla/5.0 (Windows NT 10.0; Win64; x64) AppleWebKit/537.36 (KHTML, like Gecko) Chrome/156.0.8078.4 Safari/537.36"
[2026-10-10 21:24:24] info: ::1 - - "GET /assets/rolldown-runtime-C0FnF6B9.js HTTP/1.1" 200 1291 "http://localhost:3000/" "Mozilla/5.0 (Windows NT 10.0; Win64; x64) AppleWebKit/537.36 (KHTML, like Gecko) Chrome/156.0.8078.4 Safari/537.36"
[2026-10-10 21:24:24] info: ::1 - - "GET /assets/jsx-runtime-CKeovgl0.js HTTP/1.1" 200 7899 "http://localhost:3000/" "Mozilla/5.0 (Windows NT 10.0; Win64; x64) AppleWebKit/537.36 (KHTML, like Gecko) Chrome/156.0.8078.4 Safari/537.36"
[2026-10-10 21:24:24] info: ::1 - - "GET /assets/index-DRJ4-Rlb.js HTTP/1.1" 200 733104 "http://localhost:3000/" "Mozilla/5.0 (Windows NT 10.0; Win64; x64) AppleWebKit/537.36 (KHTML, like Gecko) Chrome/156.0.8078.4 Safari/537.36"
[2026-10-10 21:24:24] info: ::1 - - "GET /api/config HTTP/1.1" 200 12659 "http://localhost:3000/" "Mozilla/5.0 (Windows NT 10.0; Win64; x64) AppleWebKit/537.36 (KHTML, like Gecko) Chrome/156.0.8078.4 Safari/537.36"
[2026-10-10 21:24:24] info: ::1 - - "GET /api/config HTTP/1.1" 304 - "http://localhost:3000/" "Mozilla/5.0 (Windows NT 10.0; Win64; x64) AppleWebKit/537.36 (KHTML, like Gecko) Chrome/156.0.8078.4 Safari/537.36"
[2026-10-10 21:24:24] info: ::1 - - "GET /fonts/NotoColorEmoji.ttf HTTP/1.1" 200 10730124 "http://localhost:3000/assets/index-DfIzgRz4.css" "Mozilla/5.0 (Windows NT 10.0; Win64; x64) AppleWebKit/537.36 (KHTML, like Gecko) Chrome/156.0.8078.4 Safari/537.36"
[2026-10-10 21:24:24] info: Wish created {"user_id":null,"wish_id":"sj3ocxch"}
[2026-10-10 21:24:24] info: ::1 - - "POST /api/wishes HTTP/1.1" 201 47 "http://localhost:3000/" "Mozilla/5.0 (Windows NT 10.0; Win64; x64) AppleWebKit/537.36 (KHTML, like Gecko) Chrome/156.0.8078.4 Safari/537.36"
[2026-10-10 21:24:24] info: WebSocket client connected: 8Sws4pKg7rsMTrILAAAR
[2026-10-10 21:24:24] info: ::1 - - "GET /api/wishes?q=Flagged+test+wish+content+1791667464221&ignore_attributes=1 HTTP/1.1" 200 174 "http://localhost:3000/" "Mozilla/5.0 (Windows NT 10.0; Win64; x64) AppleWebKit/537.36 (KHTML, like Gecko) Chrome/156.0.8078.4 Safari/537.36"
[2026-10-10 21:24:24] warn: Wish flagged for moderation {"wish_id":"sj3ocxch"}
[2026-10-10 21:24:24] info: ::1 - - "POST /api/wishes/sj3ocxch/flag HTTP/1.1" 200 16 "http://localhost:3000/" "Mozilla/5.0 (Windows NT 10.0; Win64; x64) AppleWebKit/537.36 (KHTML, like Gecko) Chrome/156.0.8078.4 Safari/537.36"
[2026-10-10 21:24:25] warn: Failed login attempt {"username":"admin","ip":"::1"}
[2026-10-10 21:24:25] info: ::1 - - "POST /api/users/login HTTP/1.1" 401 43 "http://localhost:3000/" "Mozilla/5.0 (Windows NT 10.0; Win64; x64) AppleWebKit/537.36 (KHTML, like Gecko) Chrome/156.0.8078.4 Safari/537.36"
[2026-10-10 21:25:24] info: WebSocket client disconnected: 8Sws4pKg7rsMTrILAAAR
[2026-10-10 21:25:25] info: ::1 - - "GET / HTTP/1.1" 200 698 "-" "Mozilla/5.0 (Windows NT 10.0; Win64; x64) AppleWebKit/537.36 (KHTML, like Gecko) Chrome/156.0.8078.4 Safari/537.36"
[2026-10-10 21:25:25] info: ::1 - - "GET /assets/index-DfIzgRz4.css HTTP/1.1" 200 19113 "http://localhost:3000/" "Mozilla/5.0 (Windows NT 10.0; Win64; x64) AppleWebKit/537.36 (KHTML, like Gecko) Chrome/156.0.8078.4 Safari/537.36"
[2026-10-10 21:25:25] info: ::1 - - "GET /theme.css HTTP/1.1" 200 415 "http://localhost:3000/" "Mozilla/5.0 (Windows NT 10.0; Win64; x64) AppleWebKit/537.36 (KHTML, like Gecko) Chrome/156.0.8078.4 Safari/537.36"
[2026-10-10 21:25:25] info: ::1 - - "GET /assets/rolldown-runtime-C0FnF6B9.js HTTP/1.1" 200 1291 "http://localhost:3000/" "Mozilla/5.0 (Windows NT 10.0; Win64; x64) AppleWebKit/537.36 (KHTML, like Gecko) Chrome/156.0.8078.4 Safari/537.36"
[2026-10-10 21:25:25] info: ::1 - - "GET /assets/jsx-runtime-CKeovgl0.js HTTP/1.1" 200 7899 "http://localhost:3000/" "Mozilla/5.0 (Windows NT 10.0; Win64; x64) AppleWebKit/537.36 (KHTML, like Gecko) Chrome/156.0.8078.4 Safari/537.36"
[2026-10-10 21:25:25] info: ::1 - - "GET /assets/index-DRJ4-Rlb.js HTTP/1.1" 200 733104 "http://localhost:3000/" "Mozilla/5.0 (Windows NT 10.0; Win64; x64) AppleWebKit/537.36 (KHTML, like Gecko) Chrome/156.0.8078.4 Safari/537.36"
[2026-10-10 21:25:25] info: ::1 - - "GET /api/config HTTP/1.1" 200 12659 "http://localhost:3000/" "Mozilla/5.0 (Windows NT 10.0; Win64; x64) AppleWebKit/537.36 (KHTML, like Gecko) Chrome/156.0.8078.4 Safari/537.36"
[2026-10-10 21:25:25] info: ::1 - - "GET /api/config HTTP/1.1" 304 - "http://localhost:3000/" "Mozilla/5.0 (Windows NT 10.0; Win64; x64) AppleWebKit/537.36 (KHTML, like Gecko) Chrome/156.0.8078.4 Safari/537.36"
[2026-10-10 21:25:25] info: ::1 - - "GET /fonts/NotoColorEmoji.ttf HTTP/1.1" 200 10730124 "http://localhost:3000/assets/index-DfIzgRz4.css" "Mozilla/5.0 (Windows NT 10.0; Win64; x64) AppleWebKit/537.36 (KHTML, like Gecko) Chrome/156.0.8078.4 Safari/537.36"
[2026-10-10 21:25:25] debug: Loaded 51 rules from the database
[2026-10-10 21:25:25] info: Wish created {"user_id":null,"wish_id":"pdyke78w"}
[2026-10-10 21:25:25] info: ::1 - - "POST /api/wishes HTTP/1.1" 201 48 "http://localhost:3000/" "Mozilla/5.0 (Windows NT 10.0; Win64; x64) AppleWebKit/537.36 (KHTML, like Gecko) Chrome/156.0.8078.4 Safari/537.36"
[2026-10-10 21:25:25] info: ::1 - - "GET /api/wishes/pdyke78w HTTP/1.1" 200 237 "http://localhost:3000/" "Mozilla/5.0 (Windows NT 10.0; Win64; x64) AppleWebKit/537.36 (KHTML, like Gecko) Chrome/156.0.8078.4 Safari/537.36"
[2026-10-10 21:25:26] info: ::1 - - "POST /api/wishes/pdyke78w/manage HTTP/1.1" 200 50 "http://localhost:3000/" "Mozilla/5.0 (Windows NT 10.0; Win64; x64) AppleWebKit/537.36 (KHTML, like Gecko) Chrome/156.0.8078.4 Safari/537.36"
[2026-10-10 21:25:26] info: ::1 - - "POST /api/wishes/pdyke78w/deactivate HTTP/1.1" 200 16 "http://localhost:3000/" "Mozilla/5.0 (Windows NT 10.0; Win64; x64) AppleWebKit/537.36 (KHTML, like Gecko) Chrome/156.0.8078.4 Safari/537.36"
[2026-10-10 21:25:26] info: WebSocket client connected: 9EaoO2PJtTcC7jBWAAAS
[2026-10-10 21:25:26] info: ::1 - - "GET /api/wishes?q=UPDATED+text+1791667525355&ignore_attributes=1 HTTP/1.1" 200 2 "http://localhost:3000/" "Mozilla/5.0 (Windows NT 10.0; Win64; x64) AppleWebKit/537.36 (KHTML, like Gecko) Chrome/156.0.8078.4 Safari/537.36"
[2026-10-10 21:25:26] info: ::1 - - "GET /api/wishes/pdyke78w HTTP/1.1" 200 237 "http://localhost:3000/" "Mozilla/5.0 (Windows NT 10.0; Win64; x64) AppleWebKit/537.36 (KHTML, like Gecko) Chrome/156.0.8078.4 Safari/537.36"
[2026-10-10 21:25:26] info: ::1 - - "POST /api/wishes/pdyke78w/reactivate HTTP/1.1" 200 16 "http://localhost:3000/" "Mozilla/5.0 (Windows NT 10.0; Win64; x64) AppleWebKit/537.36 (KHTML, like Gecko) Chrome/156.0.8078.4 Safari/537.36"
[2026-10-10 21:25:26] info: ::1 - - "GET /api/wishes?q=UPDATED+text+1791667525355&ignore_attributes=1 HTTP/1.1" 200 177 "http://localhost:3000/" "Mozilla/5.0 (Windows NT 10.0; Win64; x64) AppleWebKit/537.36 (KHTML, like Gecko) Chrome/156.0.8078.4 Safari/537.36"
[2026-10-10 21:25:26] info: WebSocket client disconnected: 9EaoO2PJtTcC7jBWAAAS
[2026-10-10 21:25:26] info: ::1 - - "GET / HTTP/1.1" 200 698 "-" "Mozilla/5.0 (Windows NT 10.0; Win64; x64) AppleWebKit/537.36 (KHTML, like Gecko) Chrome/156.0.8078.4 Safari/537.36"
[2026-10-10 21:25:26] info: ::1 - - "GET /theme.css HTTP/1.1" 200 415 "http://localhost:3000/" "Mozilla/5.0 (Windows NT 10.0; Win64; x64) AppleWebKit/537.36 (KHTML, like Gecko) Chrome/156.0.8078.4 Safari/537.36"
[2026-10-10 21:25:26] info: ::1 - - "GET /assets/index-DfIzgRz4.css HTTP/1.1" 200 19113 "http://localhost:3000/" "Mozilla/5.0 (Windows NT 10.0; Win64; x64) AppleWebKit/537.36 (KHTML, like Gecko) Chrome/156.0.8078.4 Safari/537.36"
[2026-10-10 21:25:26] info: ::1 - - "GET /assets/rolldown-runtime-C0FnF6B9.js HTTP/1.1" 200 1291 "http://localhost:3000/" "Mozilla/5.0 (Windows NT 10.0; Win64; x64) AppleWebKit/537.36 (KHTML, like Gecko) Chrome/156.0.8078.4 Safari/537.36"
[2026-10-10 21:25:26] info: ::1 - - "GET /assets/jsx-runtime-CKeovgl0.js HTTP/1.1" 200 7899 "http://localhost:3000/" "Mozilla/5.0 (Windows NT 10.0; Win64; x64) AppleWebKit/537.36 (KHTML, like Gecko) Chrome/156.0.8078.4 Safari/537.36"
[2026-10-10 21:25:26] info: ::1 - - "GET /assets/index-DRJ4-Rlb.js HTTP/1.1" 200 733104 "http://localhost:3000/" "Mozilla/5.0 (Windows NT 10.0; Win64; x64) AppleWebKit/537.36 (KHTML, like Gecko) Chrome/156.0.8078.4 Safari/537.36"
[2026-10-10 21:25:26] info: ::1 - - "GET /api/config HTTP/1.1" 200 12659 "http://localhost:3000/" "Mozilla/5.0 (Windows NT 10.0; Win64; x64) AppleWebKit/537.36 (KHTML, like Gecko) Chrome/156.0.8078.4 Safari/537.36"
[2026-10-10 21:25:26] info: ::1 - - "GET /api/config HTTP/1.1" 304 - "http://localhost:3000/" "Mozilla/5.0 (Windows NT 10.0; Win64; x64) AppleWebKit/537.36 (KHTML, like Gecko) Chrome/156.0.8078.4 Safari/537.36"
[2026-10-10 21:25:27] info: ::1 - - "GET /fonts/NotoColorEmoji.ttf HTTP/1.1" 200 10730124 "http://localhost:3000/assets/index-DfIzgRz4.css" "Mozilla/5.0 (Windows NT 10.0; Win64; x64) AppleWebKit/537.36 (KHTML, like Gecko) Chrome/156.0.8078.4 Safari/537.36"
[2026-10-10 21:25:27] info: Wish created {"user_id":null,"wish_id":"6vdh3va8"}
[2026-10-10 21:25:27] info: ::1 - - "POST /api/wishes HTTP/1.1" 201 46 "http://localhost:3000/" "Mozilla/5.0 (Windows NT 10.0; Win64; x64) AppleWebKit/537.36 (KHTML, like Gecko) Chrome/156.0.8078.4 Safari/537.36"
[2026-10-10 21:25:27] info: WebSocket client connected: dxPlY1hV4TbAo3UdAAAT
[2026-10-10 21:25:27] info: ::1 - - "GET /api/wishes?q=Target+Wish+1791667526813&ignore_attributes=1 HTTP/1.1" 200 168 "http://localhost:3000/" "Mozilla/5.0 (Windows NT 10.0; Win64; x64) AppleWebKit/537.36 (KHTML, like Gecko) Chrome/156.0.8078.4 Safari/537.36"
[2026-10-10 21:25:27] info: Wishmail sent {"sender_id":null,"target_wish_id":"6vdh3va8"}
[2026-10-10 21:25:27] info: ::1 - - "POST /api/wishes/6vdh3va8/mail HTTP/1.1" 200 32 "http://localhost:3000/" "Mozilla/5.0 (Windows NT 10.0; Win64; x64) AppleWebKit/537.36 (KHTML, like Gecko) Chrome/156.0.8078.4 Safari/537.36"
[2026-10-10 21:25:30] info: ::1 - - "GET /api/wishes/6vdh3va8/mail HTTP/1.1" 200 167 "http://localhost:3000/" "Mozilla/5.0 (Windows NT 10.0; Win64; x64) AppleWebKit/537.36 (KHTML, like Gecko) Chrome/156.0.8078.4 Safari/537.36"
[2026-10-10 21:25:30] info: WebSocket client disconnected: dxPlY1hV4TbAo3UdAAAT
[2026-10-10 21:25:32] info: ::1 - - "GET / HTTP/1.1" 200 698 "-" "Mozilla/5.0 (Windows NT 10.0; Win64; x64) AppleWebKit/537.36 (KHTML, like Gecko) Chrome/156.0.8078.4 Safari/537.36"
[2026-10-10 21:25:32] info: ::1 - - "GET /assets/index-DfIzgRz4.css HTTP/1.1" 200 19113 "http://localhost:3000/" "Mozilla/5.0 (Windows NT 10.0; Win64; x64) AppleWebKit/537.36 (KHTML, like Gecko) Chrome/156.0.8078.4 Safari/537.36"
[2026-10-10 21:25:32] info: ::1 - - "GET /theme.css HTTP/1.1" 200 415 "http://localhost:3000/" "Mozilla/5.0 (Windows NT 10.0; Win64; x64) AppleWebKit/537.36 (KHTML, like Gecko) Chrome/156.0.8078.4 Safari/537.36"
[2026-10-10 21:25:32] info: ::1 - - "GET /assets/rolldown-runtime-C0FnF6B9.js HTTP/1.1" 200 1291 "http://localhost:3000/" "Mozilla/5.0 (Windows NT 10.0; Win64; x64) AppleWebKit/537.36 (KHTML, like Gecko) Chrome/156.0.8078.4 Safari/537.36"
[2026-10-10 21:25:32] info: ::1 - - "GET /assets/jsx-runtime-CKeovgl0.js HTTP/1.1" 200 7899 "http://localhost:3000/" "Mozilla/5.0 (Windows NT 10.0; Win64; x64) AppleWebKit/537.36 (KHTML, like Gecko) Chrome/156.0.8078.4 Safari/537.36"
[2026-10-10 21:25:32] info: ::1 - - "GET /assets/index-DRJ4-Rlb.js HTTP/1.1" 200 733104 "http://localhost:3000/" "Mozilla/5.0 (Windows NT 10.0; Win64; x64) AppleWebKit/537.36 (KHTML, like Gecko) Chrome/156.0.8078.4 Safari/537.36"
[2026-10-10 21:25:32] info: ::1 - - "GET /api/config HTTP/1.1" 200 12659 "http://localhost:3000/" "Mozilla/5.0 (Windows NT 10.0; Win64; x64) AppleWebKit/537.36 (KHTML, like Gecko) Chrome/156.0.8078.4 Safari/537.36"
[2026-10-10 21:25:32] info: ::1 - - "GET /api/config HTTP/1.1" 304 - "http://localhost:3000/" "Mozilla/5.0 (Windows NT 10.0; Win64; x64) AppleWebKit/537.36 (KHTML, like Gecko) Chrome/156.0.8078.4 Safari/537.36"
[2026-10-10 21:25:32] info: ::1 - - "GET /fonts/NotoColorEmoji.ttf HTTP/1.1" 200 10730124 "http://localhost:3000/assets/index-DfIzgRz4.css" "Mozilla/5.0 (Windows NT 10.0; Win64; x64) AppleWebKit/537.36 (KHTML, like Gecko) Chrome/156.0.8078.4 Safari/537.36"
[2026-10-10 21:25:32] info: ::1 - - "GET /assets/WishScanner-SKR3iut2.js HTTP/1.1" 200 5900 "http://localhost:3000/" "Mozilla/5.0 (Windows NT 10.0; Win64; x64) AppleWebKit/537.36 (KHTML, like Gecko) Chrome/156.0.8078.4 Safari/537.36"
[2026-10-10 21:25:32] info: ::1 - - "GET /assets/cardProcessor-CtEr0-3t.js HTTP/1.1" 200 15584883 "http://localhost:3000/" "Mozilla/5.0 (Windows NT 10.0; Win64; x64) AppleWebKit/537.36 (KHTML, like Gecko) Chrome/156.0.8078.4 Safari/537.36"
[2026-10-10 21:25:32] info: ::1 - - "POST /api/rules/check-conflicts HTTP/1.1" 200 16 "http://localhost:3000/" "Mozilla/5.0 (Windows NT 10.0; Win64; x64) AppleWebKit/537.36 (KHTML, like Gecko) Chrome/156.0.8078.4 Safari/537.36"
[2026-10-10 21:25:32] info: ::1 - - "POST /api/rules/check-conflicts HTTP/1.1" 200 16 "http://localhost:3000/" "Mozilla/5.0 (Windows NT 10.0; Win64; x64) AppleWebKit/537.36 (KHTML, like Gecko) Chrome/156.0.8078.4 Safari/537.36"
[2026-10-10 21:25:38] info: ::1 - - "GET / HTTP/1.1" 200 698 "-" "Mozilla/5.0 (Macintosh; Intel Mac OS X 10_15_7) AppleWebKit/605.1.15 (KHTML, like Gecko) Version/27.2 Safari/605.1.15"
[2026-10-10 21:25:38] info: ::1 - - "GET /theme.css HTTP/1.1" 200 415 "http://localhost:3000/" "Mozilla/5.0 (Macintosh; Intel Mac OS X 10_15_7) AppleWebKit/605.1.15 (KHTML, like Gecko) Version/27.2 Safari/605.1.15"
[2026-10-10 21:25:38] info: ::1 - - "GET /assets/rolldown-runtime-C0FnF6B9.js HTTP/1.1" 200 1291 "http://localhost:3000/" "Mozilla/5.0 (Macintosh; Intel Mac OS X 10_15_7) AppleWebKit/605.1.15 (KHTML, like Gecko) Version/27.2 Safari/605.1.15"
[2026-10-10 21:25:38] info: ::1 - - "GET /assets/jsx-runtime-CKeovgl0.js HTTP/1.1" 200 7899 "http://localhost:3000/" "Mozilla/5.0 (Macintosh; Intel Mac OS X 10_15_7) AppleWebKit/605.1.15 (KHTML, like Gecko) Version/27.2 Safari/605.1.15"
[2026-10-10 21:25:38] info: ::1 - - "GET /assets/index-DfIzgRz4.css HTTP/1.1" 200 19113 "http://localhost:3000/" "Mozilla/5.0 (Macintosh; Intel Mac OS X 10_15_7) AppleWebKit/605.1.15 (KHTML, like Gecko) Version/27.2 Safari/605.1.15"
[2026-10-10 21:25:38] info: ::1 - - "GET /assets/index-DRJ4-Rlb.js HTTP/1.1" 200 733104 "http://localhost:3000/" "Mozilla/5.0 (Macintosh; Intel Mac OS X 10_15_7) AppleWebKit/605.1.15 (KHTML, like Gecko) Version/27.2 Safari/605.1.15"
[2026-10-10 21:25:38] info: ::1 - - "GET /api/config HTTP/1.1" 200 12659 "http://localhost:3000/" "Mozilla/5.0 (Macintosh; Intel Mac OS X 10_15_7) AppleWebKit/605.1.15 (KHTML, like Gecko) Version/27.2 Safari/605.1.15"
[2026-10-10 21:25:38] info: ::1 - - "GET /api/config HTTP/1.1" 200 12659 "http://localhost:3000/" "Mozilla/5.0 (Macintosh; Intel Mac OS X 10_15_7) AppleWebKit/605.1.15 (KHTML, like Gecko) Version/27.2 Safari/605.1.15"
[2026-10-10 21:25:38] warn: Failed login attempt {"username":"admin","ip":"::1"}
[2026-10-10 21:25:38] info: ::1 - - "POST /api/users/login HTTP/1.1" 401 43 "http://localhost:3000/" "Mozilla/5.0 (Macintosh; Intel Mac OS X 10_15_7) AppleWebKit/605.1.15 (KHTML, like Gecko) Version/27.2 Safari/605.1.15"
[2026-10-10 21:25:44] info: ::1 - - "GET / HTTP/1.1" 200 698 "-" "Mozilla/5.0 (Macintosh; Intel Mac OS X 10_15_7) AppleWebKit/605.1.15 (KHTML, like Gecko) Version/27.2 Safari/605.1.15"
[2026-10-10 21:25:44] info: ::1 - - "GET /theme.css HTTP/1.1" 200 415 "http://localhost:3000/" "Mozilla/5.0 (Macintosh; Intel Mac OS X 10_15_7) AppleWebKit/605.1.15 (KHTML, like Gecko) Version/27.2 Safari/605.1.15"
[2026-10-10 21:25:44] info: ::1 - - "GET /assets/jsx-runtime-CKeovgl0.js HTTP/1.1" 200 7899 "http://localhost:3000/" "Mozilla/5.0 (Macintosh; Intel Mac OS X 10_15_7) AppleWebKit/605.1.15 (KHTML, like Gecko) Version/27.2 Safari/605.1.15"
[2026-10-10 21:25:44] info: ::1 - - "GET /assets/rolldown-runtime-C0FnF6B9.js HTTP/1.1" 200 1291 "http://localhost:3000/" "Mozilla/5.0 (Macintosh; Intel Mac OS X 10_15_7) AppleWebKit/605.1.15 (KHTML, like Gecko) Version/27.2 Safari/605.1.15"
[2026-10-10 21:25:44] info: ::1 - - "GET /assets/index-DfIzgRz4.css HTTP/1.1" 200 19113 "http://localhost:3000/" "Mozilla/5.0 (Macintosh; Intel Mac OS X 10_15_7) AppleWebKit/605.1.15 (KHTML, like Gecko) Version/27.2 Safari/605.1.15"
[2026-10-10 21:25:44] info: ::1 - - "GET /assets/index-DRJ4-Rlb.js HTTP/1.1" 200 733104 "http://localhost:3000/" "Mozilla/5.0 (Macintosh; Intel Mac OS X 10_15_7) AppleWebKit/605.1.15 (KHTML, like Gecko) Version/27.2 Safari/605.1.15"
[2026-10-10 21:25:45] info: ::1 - - "GET /api/config HTTP/1.1" 200 12659 "http://localhost:3000/" "Mozilla/5.0 (Macintosh; Intel Mac OS X 10_15_7) AppleWebKit/605.1.15 (KHTML, like Gecko) Version/27.2 Safari/605.1.15"
[2026-10-10 21:25:45] info: ::1 - - "GET /api/config HTTP/1.1" 200 12659 "http://localhost:3000/" "Mozilla/5.0 (Macintosh; Intel Mac OS X 10_15_7) AppleWebKit/605.1.15 (KHTML, like Gecko) Version/27.2 Safari/605.1.15"
[2026-10-10 21:25:45] info: ::1 - - "GET /fonts/NotoColorEmoji.ttf HTTP/1.1" 200 10730124 "http://localhost:3000/" "Mozilla/5.0 (Macintosh; Intel Mac OS X 10_15_7) AppleWebKit/605.1.15 (KHTML, like Gecko) Version/27.2 Safari/605.1.15"
[2026-10-10 21:25:45] info: ::1 - - "POST /api/rules/check-conflicts HTTP/1.1" 200 16 "http://localhost:3000/" "Mozilla/5.0 (Macintosh; Intel Mac OS X 10_15_7) AppleWebKit/605.1.15 (KHTML, like Gecko) Version/27.2 Safari/605.1.15"
[2026-10-10 21:25:46] info: ::1 - - "POST /api/rules/check-conflicts HTTP/1.1" 200 16 "http://localhost:3000/" "Mozilla/5.0 (Macintosh; Intel Mac OS X 10_15_7) AppleWebKit/605.1.15 (KHTML, like Gecko) Version/27.2 Safari/605.1.15"
[2026-10-10 21:25:46] info: Wish created {"user_id":null,"wish_id":"rmsnhfgs"}
[2026-10-10 21:25:46] info: ::1 - - "POST /api/wishes HTTP/1.1" 201 45 "http://localhost:3000/" "Mozilla/5.0 (Macintosh; Intel Mac OS X 10_15_7) AppleWebKit/605.1.15 (KHTML, like Gecko) Version/27.2 Safari/605.1.15"
[2026-10-10 21:25:46] info: ::1 - - "POST /api/rules/check-conflicts HTTP/1.1" 200 16 "http://localhost:3000/" "Mozilla/5.0 (Macintosh; Intel Mac OS X 10_15_7) AppleWebKit/605.1.15 (KHTML, like Gecko) Version/27.2 Safari/605.1.15"
[2026-10-10 21:25:46] info: ::1 - - "POST /api/rules/check-conflicts HTTP/1.1" 200 16 "http://localhost:3000/" "Mozilla/5.0 (Macintosh; Intel Mac OS X 10_15_7) AppleWebKit/605.1.15 (KHTML, like Gecko) Version/27.2 Safari/605.1.15"
[2026-10-10 21:25:46] info: WebSocket client connected: HK8tJajO_n-acvnjAAAU
[2026-10-10 21:25:47] info: ::1 - - "GET /api/wishes?q=Spontaneous+road+trip&attributes=%7B%22gender%22%3A%22non-binary%22%2C%22orientation%22%3A%22queer%22%2C%22role%22%3A%22switch%22%7D HTTP/1.1" 200 2113 "http://localhost:3000/" "Mozilla/5.0 (Macintosh; Intel Mac OS X 10_15_7) AppleWebKit/605.1.15 (KHTML, like Gecko) Version/27.2 Safari/605.1.15"
[2026-10-10 21:25:48] warn: Failed login attempt {"username":"admin","ip":"::1"}
[2026-10-10 21:25:48] info: ::1 - - "POST /api/users/login HTTP/1.1" 401 43 "http://localhost:3000/" "Mozilla/5.0 (Macintosh; Intel Mac OS X 10_15_7) AppleWebKit/605.1.15 (KHTML, like Gecko) Version/27.2 Safari/605.1.15"
[2026-10-10 21:25:53] info: WebSocket client disconnected: HK8tJajO_n-acvnjAAAU
[2026-10-10 21:25:54] info: ::1 - - "GET / HTTP/1.1" 200 698 "-" "Mozilla/5.0 (Macintosh; Intel Mac OS X 10_15_7) AppleWebKit/605.1.15 (KHTML, like Gecko) Version/27.2 Safari/605.1.15"
[2026-10-10 21:25:54] info: ::1 - - "GET /theme.css HTTP/1.1" 200 415 "http://localhost:3000/" "Mozilla/5.0 (Macintosh; Intel Mac OS X 10_15_7) AppleWebKit/605.1.15 (KHTML, like Gecko) Version/27.2 Safari/605.1.15"
[2026-10-10 21:25:54] info: ::1 - - "GET /assets/rolldown-runtime-C0FnF6B9.js HTTP/1.1" 200 1291 "http://localhost:3000/" "Mozilla/5.0 (Macintosh; Intel Mac OS X 10_15_7) AppleWebKit/605.1.15 (KHTML, like Gecko) Version/27.2 Safari/605.1.15"
[2026-10-10 21:25:54] info: ::1 - - "GET /assets/jsx-runtime-CKeovgl0.js HTTP/1.1" 200 7899 "http://localhost:3000/" "Mozilla/5.0 (Macintosh; Intel Mac OS X 10_15_7) AppleWebKit/605.1.15 (KHTML, like Gecko) Version/27.2 Safari/605.1.15"
[2026-10-10 21:25:54] info: ::1 - - "GET /assets/index-DfIzgRz4.css HTTP/1.1" 200 19113 "http://localhost:3000/" "Mozilla/5.0 (Macintosh; Intel Mac OS X 10_15_7) AppleWebKit/605.1.15 (KHTML, like Gecko) Version/27.2 Safari/605.1.15"
[2026-10-10 21:25:54] info: ::1 - - "GET /assets/index-DRJ4-Rlb.js HTTP/1.1" 200 733104 "http://localhost:3000/" "Mozilla/5.0 (Macintosh; Intel Mac OS X 10_15_7) AppleWebKit/605.1.15 (KHTML, like Gecko) Version/27.2 Safari/605.1.15"
[2026-10-10 21:25:54] info: ::1 - - "GET /api/config HTTP/1.1" 200 12659 "http://localhost:3000/" "Mozilla/5.0 (Macintosh; Intel Mac OS X 10_15_7) AppleWebKit/605.1.15 (KHTML, like Gecko) Version/27.2 Safari/605.1.15"
[2026-10-10 21:25:54] info: ::1 - - "GET /api/config HTTP/1.1" 200 12659 "http://localhost:3000/" "Mozilla/5.0 (Macintosh; Intel Mac OS X 10_15_7) AppleWebKit/605.1.15 (KHTML, like Gecko) Version/27.2 Safari/605.1.15"
[2026-10-10 21:25:54] info: ::1 - - "GET /fonts/NotoColorEmoji.ttf HTTP/1.1" 200 10730124 "http://localhost:3000/" "Mozilla/5.0 (Macintosh; Intel Mac OS X 10_15_7) AppleWebKit/605.1.15 (KHTML, like Gecko) Version/27.2 Safari/605.1.15"
[2026-10-10 21:25:55] info: ::1 - - "POST /api/rules/check-conflicts HTTP/1.1" 200 16 "http://localhost:3000/" "Mozilla/5.0 (Macintosh; Intel Mac OS X 10_15_7) AppleWebKit/605.1.15 (KHTML, like Gecko) Version/27.2 Safari/605.1.15"
[2026-10-10 21:25:55] info: ::1 - - "GET /api/users/exists?username=testuser_1791667554543 HTTP/1.1" 200 16 "http://localhost:3000/" "Mozilla/5.0 (Macintosh; Intel Mac OS X 10_15_7) AppleWebKit/605.1.15 (KHTML, like Gecko) Version/27.2 Safari/605.1.15"
[2026-10-10 21:25:55] info: ::1 - - "POST /api/rules/check-conflicts HTTP/1.1" 200 16 "http://localhost:3000/" "Mozilla/5.0 (Macintosh; Intel Mac OS X 10_15_7) AppleWebKit/605.1.15 (KHTML, like Gecko) Version/27.2 Safari/605.1.15"
[2026-10-10 21:25:55] info: New user registered {"user_id":"1z7ib6nd","username":"testuser_1791667554543"}
[2026-10-10 21:25:55] info: ::1 - - "POST /api/users/register HTTP/1.1" 200 319 "http://localhost:3000/" "Mozilla/5.0 (Macintosh; Intel Mac OS X 10_15_7) AppleWebKit/605.1.15 (KHTML, like Gecko) Version/27.2 Safari/605.1.15"
[2026-10-10 21:25:55] info: ::1 - - "GET /api/users/me/wishes HTTP/1.1" 200 2 "http://localhost:3000/" "Mozilla/5.0 (Macintosh; Intel Mac OS X 10_15_7) AppleWebKit/605.1.15 (KHTML, like Gecko) Version/27.2 Safari/605.1.15"
[2026-10-10 21:25:55] info: ::1 - - "GET /api/wishes/exclusions HTTP/1.1" 200 2 "http://localhost:3000/" "Mozilla/5.0 (Macintosh; Intel Mac OS X 10_15_7) AppleWebKit/605.1.15 (KHTML, like Gecko) Version/27.2 Safari/605.1.15"
[2026-10-10 21:25:55] info: ::1 - - "GET /api/users/me HTTP/1.1" 200 223 "http://localhost:3000/" "Mozilla/5.0 (Macintosh; Intel Mac OS X 10_15_7) AppleWebKit/605.1.15 (KHTML, like Gecko) Version/27.2 Safari/605.1.15"
[2026-10-10 21:25:55] info: ::1 - - "GET /api/users/me/wishes HTTP/1.1" 200 2 "http://localhost:3000/" "Mozilla/5.0 (Macintosh; Intel Mac OS X 10_15_7) AppleWebKit/605.1.15 (KHTML, like Gecko) Version/27.2 Safari/605.1.15"
[2026-10-10 21:25:55] info: ::1 - - "GET /api/wishes/exclusions HTTP/1.1" 200 2 "http://localhost:3000/" "Mozilla/5.0 (Macintosh; Intel Mac OS X 10_15_7) AppleWebKit/605.1.15 (KHTML, like Gecko) Version/27.2 Safari/605.1.15"
[2026-10-10 21:25:56] info: ::1 - - "POST /api/rules/check-conflicts HTTP/1.1" 200 16 "http://localhost:3000/" "Mozilla/5.0 (Macintosh; Intel Mac OS X 10_15_7) AppleWebKit/605.1.15 (KHTML, like Gecko) Version/27.2 Safari/605.1.15"
[2026-10-10 21:25:56] info: ::1 - - "POST /api/rules/check-conflicts HTTP/1.1" 200 16 "http://localhost:3000/" "Mozilla/5.0 (Macintosh; Intel Mac OS X 10_15_7) AppleWebKit/605.1.15 (KHTML, like Gecko) Version/27.2 Safari/605.1.15"
[2026-10-10 21:25:57] info: Wish created {"user_id":"1z7ib6nd","wish_id":"30o6jvjm"}
[2026-10-10 21:25:57] info: ::1 - - "POST /api/wishes HTTP/1.1" 201 31 "http://localhost:3000/" "Mozilla/5.0 (Macintosh; Intel Mac OS X 10_15_7) AppleWebKit/605.1.15 (KHTML, like Gecko) Version/27.2 Safari/605.1.15"
[2026-10-10 21:25:57] info: ::1 - - "POST /api/rules/check-conflicts HTTP/1.1" 200 16 "http://localhost:3000/" "Mozilla/5.0 (Macintosh; Intel Mac OS X 10_15_7) AppleWebKit/605.1.15 (KHTML, like Gecko) Version/27.2 Safari/605.1.15"
[2026-10-10 21:25:57] info: ::1 - - "GET /api/users/me/wishes HTTP/1.1" 200 407 "http://localhost:3000/" "Mozilla/5.0 (Macintosh; Intel Mac OS X 10_15_7) AppleWebKit/605.1.15 (KHTML, like Gecko) Version/27.2 Safari/605.1.15"
[2026-10-10 21:25:57] info: ::1 - - "GET /api/wishes/exclusions HTTP/1.1" 200 2 "http://localhost:3000/" "Mozilla/5.0 (Macintosh; Intel Mac OS X 10_15_7) AppleWebKit/605.1.15 (KHTML, like Gecko) Version/27.2 Safari/605.1.15"
[2026-10-10 21:25:57] info: ::1 - - "POST /api/rules/check-conflicts HTTP/1.1" 200 16 "http://localhost:3000/" "Mozilla/5.0 (Macintosh; Intel Mac OS X 10_15_7) AppleWebKit/605.1.15 (KHTML, like Gecko) Version/27.2 Safari/605.1.15"
[2026-10-10 21:25:58] info: ::1 - - "POST /api/rules/check-conflicts HTTP/1.1" 200 16 "http://localhost:3000/" "Mozilla/5.0 (Macintosh; Intel Mac OS X 10_15_7) AppleWebKit/605.1.15 (KHTML, like Gecko) Version/27.2 Safari/605.1.15"
[2026-10-10 21:25:59] info: Successful login {"username":"testuser_1791667554543","ip":"::1"}
[2026-10-10 21:25:59] info: ::1 - - "POST /api/users/login HTTP/1.1" 200 282 "http://localhost:3000/" "Mozilla/5.0 (Macintosh; Intel Mac OS X 10_15_7) AppleWebKit/605.1.15 (KHTML, like Gecko) Version/27.2 Safari/605.1.15"
[2026-10-10 21:25:59] info: ::1 - - "GET /api/users/exists?username=testuser_1791667554543 HTTP/1.1" 200 15 "http://localhost:3000/" "Mozilla/5.0 (Macintosh; Intel Mac OS X 10_15_7) AppleWebKit/605.1.15 (KHTML, like Gecko) Version/27.2 Safari/605.1.15"
[2026-10-10 21:25:59] info: ::1 - - "GET /api/users/me/wishes HTTP/1.1" 200 407 "http://localhost:3000/" "Mozilla/5.0 (Macintosh; Intel Mac OS X 10_15_7) AppleWebKit/605.1.15 (KHTML, like Gecko) Version/27.2 Safari/605.1.15"
[2026-10-10 21:25:59] info: ::1 - - "GET /api/wishes/exclusions HTTP/1.1" 200 2 "http://localhost:3000/" "Mozilla/5.0 (Macintosh; Intel Mac OS X 10_15_7) AppleWebKit/605.1.15 (KHTML, like Gecko) Version/27.2 Safari/605.1.15"
[2026-10-10 21:25:59] info: ::1 - - "GET /api/users/me HTTP/1.1" 200 223 "http://localhost:3000/" "Mozilla/5.0 (Macintosh; Intel Mac OS X 10_15_7) AppleWebKit/605.1.15 (KHTML, like Gecko) Version/27.2 Safari/605.1.15"
[2026-10-10 21:25:59] info: ::1 - - "GET /api/users/me/wishes HTTP/1.1" 200 407 "http://localhost:3000/" "Mozilla/5.0 (Macintosh; Intel Mac OS X 10_15_7) AppleWebKit/605.1.15 (KHTML, like Gecko) Version/27.2 Safari/605.1.15"
[2026-10-10 21:25:59] info: ::1 - - "GET /api/wishes/exclusions HTTP/1.1" 200 2 "http://localhost:3000/" "Mozilla/5.0 (Macintosh; Intel Mac OS X 10_15_7) AppleWebKit/605.1.15 (KHTML, like Gecko) Version/27.2 Safari/605.1.15"
[2026-10-10 21:25:59] info: ::1 - - "GET / HTTP/1.1" 200 698 "-" "Mozilla/5.0 (Macintosh; Intel Mac OS X 10_15_7) AppleWebKit/605.1.15 (KHTML, like Gecko) Version/27.2 Safari/605.1.15"
[2026-10-10 21:25:59] info: ::1 - - "GET /theme.css HTTP/1.1" 200 415 "http://localhost:3000/" "Mozilla/5.0 (Macintosh; Intel Mac OS X 10_15_7) AppleWebKit/605.1.15 (KHTML, like Gecko) Version/27.2 Safari/605.1.15"
[2026-10-10 21:25:59] info: ::1 - - "GET /assets/rolldown-runtime-C0FnF6B9.js HTTP/1.1" 200 1291 "http://localhost:3000/" "Mozilla/5.0 (Macintosh; Intel Mac OS X 10_15_7) AppleWebKit/605.1.15 (KHTML, like Gecko) Version/27.2 Safari/605.1.15"
[2026-10-10 21:25:59] info: ::1 - - "GET /assets/jsx-runtime-CKeovgl0.js HTTP/1.1" 200 7899 "http://localhost:3000/" "Mozilla/5.0 (Macintosh; Intel Mac OS X 10_15_7) AppleWebKit/605.1.15 (KHTML, like Gecko) Version/27.2 Safari/605.1.15"
[2026-10-10 21:25:59] info: ::1 - - "GET /assets/index-DfIzgRz4.css HTTP/1.1" 200 19113 "http://localhost:3000/" "Mozilla/5.0 (Macintosh; Intel Mac OS X 10_15_7) AppleWebKit/605.1.15 (KHTML, like Gecko) Version/27.2 Safari/605.1.15"
[2026-10-10 21:25:59] info: ::1 - - "GET /assets/index-DRJ4-Rlb.js HTTP/1.1" 200 733104 "http://localhost:3000/" "Mozilla/5.0 (Macintosh; Intel Mac OS X 10_15_7) AppleWebKit/605.1.15 (KHTML, like Gecko) Version/27.2 Safari/605.1.15"
[2026-10-10 21:25:59] info: ::1 - - "GET /api/config HTTP/1.1" 200 12659 "http://localhost:3000/" "Mozilla/5.0 (Macintosh; Intel Mac OS X 10_15_7) AppleWebKit/605.1.15 (KHTML, like Gecko) Version/27.2 Safari/605.1.15"
[2026-10-10 21:25:59] info: ::1 - - "GET /api/config HTTP/1.1" 200 12659 "http://localhost:3000/" "Mozilla/5.0 (Macintosh; Intel Mac OS X 10_15_7) AppleWebKit/605.1.15 (KHTML, like Gecko) Version/27.2 Safari/605.1.15"
[2026-10-10 21:25:59] info: ::1 - - "GET /fonts/NotoColorEmoji.ttf HTTP/1.1" 200 10730124 "http://localhost:3000/" "Mozilla/5.0 (Macintosh; Intel Mac OS X 10_15_7) AppleWebKit/605.1.15 (KHTML, like Gecko) Version/27.2 Safari/605.1.15"
[2026-10-10 21:26:00] info: ::1 - - "POST /api/rules/check-conflicts HTTP/1.1" 200 16 "http://localhost:3000/" "Mozilla/5.0 (Macintosh; Intel Mac OS X 10_15_7) AppleWebKit/605.1.15 (KHTML, like Gecko) Version/27.2 Safari/605.1.15"
[2026-10-10 21:26:00] info: ::1 - - "POST /api/rules/check-conflicts HTTP/1.1" 200 16 "http://localhost:3000/" "Mozilla/5.0 (Macintosh; Intel Mac OS X 10_15_7) AppleWebKit/605.1.15 (KHTML, like Gecko) Version/27.2 Safari/605.1.15"
[2026-10-10 21:26:00] info: Wish created {"user_id":null,"wish_id":"fzfqot45"}
[2026-10-10 21:26:00] info: ::1 - - "POST /api/wishes HTTP/1.1" 201 47 "http://localhost:3000/" "Mozilla/5.0 (Macintosh; Intel Mac OS X 10_15_7) AppleWebKit/605.1.15 (KHTML, like Gecko) Version/27.2 Safari/605.1.15"
[2026-10-10 21:26:00] info: ::1 - - "POST /api/rules/check-conflicts HTTP/1.1" 200 16 "http://localhost:3000/" "Mozilla/5.0 (Macintosh; Intel Mac OS X 10_15_7) AppleWebKit/605.1.15 (KHTML, like Gecko) Version/27.2 Safari/605.1.15"
[2026-10-10 21:26:00] info: ::1 - - "POST /api/rules/check-conflicts HTTP/1.1" 200 16 "http://localhost:3000/" "Mozilla/5.0 (Macintosh; Intel Mac OS X 10_15_7) AppleWebKit/605.1.15 (KHTML, like Gecko) Version/27.2 Safari/605.1.15"
[2026-10-10 21:26:01] info: WebSocket client connected: ggRSxp7hP7I9Y0kxAAAV
[2026-10-10 21:26:01] info: ::1 - - "GET /api/wishes?q=Flagged+test+wish+content+1791667559413&ignore_attributes=1 HTTP/1.1" 200 174 "http://localhost:3000/" "Mozilla/5.0 (Macintosh; Intel Mac OS X 10_15_7) AppleWebKit/605.1.15 (KHTML, like Gecko) Version/27.2 Safari/605.1.15"
[2026-10-10 21:26:02] warn: Wish flagged for moderation {"wish_id":"fzfqot45"}
[2026-10-10 21:26:02] info: ::1 - - "POST /api/wishes/fzfqot45/flag HTTP/1.1" 200 16 "http://localhost:3000/" "Mozilla/5.0 (Macintosh; Intel Mac OS X 10_15_7) AppleWebKit/605.1.15 (KHTML, like Gecko) Version/27.2 Safari/605.1.15"
[2026-10-10 21:26:02] warn: Failed login attempt {"username":"admin","ip":"::1"}
[2026-10-10 21:26:02] info: ::1 - - "POST /api/users/login HTTP/1.1" 401 43 "http://localhost:3000/" "Mozilla/5.0 (Macintosh; Intel Mac OS X 10_15_7) AppleWebKit/605.1.15 (KHTML, like Gecko) Version/27.2 Safari/605.1.15"
[2026-10-10 21:26:59] info: WebSocket client disconnected: ggRSxp7hP7I9Y0kxAAAV
[2026-10-10 21:27:00] info: ::1 - - "GET / HTTP/1.1" 200 698 "-" "Mozilla/5.0 (Macintosh; Intel Mac OS X 10_15_7) AppleWebKit/605.1.15 (KHTML, like Gecko) Version/27.2 Safari/605.1.15"
[2026-10-10 21:27:00] info: ::1 - - "GET /theme.css HTTP/1.1" 200 415 "http://localhost:3000/" "Mozilla/5.0 (Macintosh; Intel Mac OS X 10_15_7) AppleWebKit/605.1.15 (KHTML, like Gecko) Version/27.2 Safari/605.1.15"
[2026-10-10 21:27:00] info: ::1 - - "GET /assets/rolldown-runtime-C0FnF6B9.js HTTP/1.1" 200 1291 "http://localhost:3000/" "Mozilla/5.0 (Macintosh; Intel Mac OS X 10_15_7) AppleWebKit/605.1.15 (KHTML, like Gecko) Version/27.2 Safari/605.1.15"
[2026-10-10 21:27:00] info: ::1 - - "GET /assets/jsx-runtime-CKeovgl0.js HTTP/1.1" 200 7899 "http://localhost:3000/" "Mozilla/5.0 (Macintosh; Intel Mac OS X 10_15_7) AppleWebKit/605.1.15 (KHTML, like Gecko) Version/27.2 Safari/605.1.15"
[2026-10-10 21:27:00] info: ::1 - - "GET /assets/index-DfIzgRz4.css HTTP/1.1" 200 19113 "http://localhost:3000/" "Mozilla/5.0 (Macintosh; Intel Mac OS X 10_15_7) AppleWebKit/605.1.15 (KHTML, like Gecko) Version/27.2 Safari/605.1.15"
[2026-10-10 21:27:00] info: ::1 - - "GET /assets/index-DRJ4-Rlb.js HTTP/1.1" 200 733104 "http://localhost:3000/" "Mozilla/5.0 (Macintosh; Intel Mac OS X 10_15_7) AppleWebKit/605.1.15 (KHTML, like Gecko) Version/27.2 Safari/605.1.15"
[2026-10-10 21:27:00] info: ::1 - - "GET /api/config HTTP/1.1" 200 12659 "http://localhost:3000/" "Mozilla/5.0 (Macintosh; Intel Mac OS X 10_15_7) AppleWebKit/605.1.15 (KHTML, like Gecko) Version/27.2 Safari/605.1.15"
[2026-10-10 21:27:00] info: ::1 - - "GET /api/config HTTP/1.1" 200 12659 "http://localhost:3000/" "Mozilla/5.0 (Macintosh; Intel Mac OS X 10_15_7) AppleWebKit/605.1.15 (KHTML, like Gecko) Version/27.2 Safari/605.1.15"
[2026-10-10 21:27:00] info: ::1 - - "GET /fonts/NotoColorEmoji.ttf HTTP/1.1" 200 10730124 "http://localhost:3000/" "Mozilla/5.0 (Macintosh; Intel Mac OS X 10_15_7) AppleWebKit/605.1.15 (KHTML, like Gecko) Version/27.2 Safari/605.1.15"
[2026-10-10 21:27:01] debug: Loaded 51 rules from the database
[2026-10-10 21:27:01] info: ::1 - - "POST /api/rules/check-conflicts HTTP/1.1" 200 16 "http://localhost:3000/" "Mozilla/5.0 (Macintosh; Intel Mac OS X 10_15_7) AppleWebKit/605.1.15 (KHTML, like Gecko) Version/27.2 Safari/605.1.15"
[2026-10-10 21:27:01] info: ::1 - - "POST /api/rules/check-conflicts HTTP/1.1" 200 16 "http://localhost:3000/" "Mozilla/5.0 (Macintosh; Intel Mac OS X 10_15_7) AppleWebKit/605.1.15 (KHTML, like Gecko) Version/27.2 Safari/605.1.15"
[2026-10-10 21:27:01] info: Wish created {"user_id":null,"wish_id":"qw1xe8dz"}
[2026-10-10 21:27:01] info: ::1 - - "POST /api/wishes HTTP/1.1" 201 48 "http://localhost:3000/" "Mozilla/5.0 (Macintosh; Intel Mac OS X 10_15_7) AppleWebKit/605.1.15 (KHTML, like Gecko) Version/27.2 Safari/605.1.15"
[2026-10-10 21:27:01] info: ::1 - - "GET /api/wishes/qw1xe8dz HTTP/1.1" 200 237 "http://localhost:3000/" "Mozilla/5.0 (Macintosh; Intel Mac OS X 10_15_7) AppleWebKit/605.1.15 (KHTML, like Gecko) Version/27.2 Safari/605.1.15"
[2026-10-10 21:27:02] info: ::1 - - "POST /api/wishes/qw1xe8dz/manage HTTP/1.1" 200 50 "http://localhost:3000/" "Mozilla/5.0 (Macintosh; Intel Mac OS X 10_15_7) AppleWebKit/605.1.15 (KHTML, like Gecko) Version/27.2 Safari/605.1.15"
[2026-10-10 21:27:02] info: ::1 - - "POST /api/wishes/qw1xe8dz/deactivate HTTP/1.1" 200 16 "http://localhost:3000/" "Mozilla/5.0 (Macintosh; Intel Mac OS X 10_15_7) AppleWebKit/605.1.15 (KHTML, like Gecko) Version/27.2 Safari/605.1.15"
[2026-10-10 21:27:03] info: WebSocket client connected: O7GQ78fo6qPPalEgAAAW
[2026-10-10 21:27:03] info: ::1 - - "GET /api/wishes?q=UPDATED+text+1791667620591&ignore_attributes=1 HTTP/1.1" 200 2 "http://localhost:3000/" "Mozilla/5.0 (Macintosh; Intel Mac OS X 10_15_7) AppleWebKit/605.1.15 (KHTML, like Gecko) Version/27.2 Safari/605.1.15"
[2026-10-10 21:27:03] info: ::1 - - "GET /api/wishes/qw1xe8dz HTTP/1.1" 200 237 "http://localhost:3000/" "Mozilla/5.0 (Macintosh; Intel Mac OS X 10_15_7) AppleWebKit/605.1.15 (KHTML, like Gecko) Version/27.2 Safari/605.1.15"
[2026-10-10 21:27:03] info: ::1 - - "POST /api/wishes/qw1xe8dz/reactivate HTTP/1.1" 200 16 "http://localhost:3000/" "Mozilla/5.0 (Macintosh; Intel Mac OS X 10_15_7) AppleWebKit/605.1.15 (KHTML, like Gecko) Version/27.2 Safari/605.1.15"
[2026-10-10 21:27:04] info: ::1 - - "GET /api/wishes?q=UPDATED+text+1791667620591&ignore_attributes=1 HTTP/1.1" 200 177 "http://localhost:3000/" "Mozilla/5.0 (Macintosh; Intel Mac OS X 10_15_7) AppleWebKit/605.1.15 (KHTML, like Gecko) Version/27.2 Safari/605.1.15"
[2026-10-10 21:27:04] info: WebSocket client disconnected: O7GQ78fo6qPPalEgAAAW
[2026-10-10 21:27:04] info: ::1 - - "GET / HTTP/1.1" 200 698 "-" "Mozilla/5.0 (Macintosh; Intel Mac OS X 10_15_7) AppleWebKit/605.1.15 (KHTML, like Gecko) Version/27.2 Safari/605.1.15"
[2026-10-10 21:27:04] info: ::1 - - "GET /theme.css HTTP/1.1" 200 415 "http://localhost:3000/" "Mozilla/5.0 (Macintosh; Intel Mac OS X 10_15_7) AppleWebKit/605.1.15 (KHTML, like Gecko) Version/27.2 Safari/605.1.15"
[2026-10-10 21:27:04] info: ::1 - - "GET /assets/rolldown-runtime-C0FnF6B9.js HTTP/1.1" 200 1291 "http://localhost:3000/" "Mozilla/5.0 (Macintosh; Intel Mac OS X 10_15_7) AppleWebKit/605.1.15 (KHTML, like Gecko) Version/27.2 Safari/605.1.15"
[2026-10-10 21:27:04] info: ::1 - - "GET /assets/jsx-runtime-CKeovgl0.js HTTP/1.1" 200 7899 "http://localhost:3000/" "Mozilla/5.0 (Macintosh; Intel Mac OS X 10_15_7) AppleWebKit/605.1.15 (KHTML, like Gecko) Version/27.2 Safari/605.1.15"
[2026-10-10 21:27:04] info: ::1 - - "GET /assets/index-DfIzgRz4.css HTTP/1.1" 200 19113 "http://localhost:3000/" "Mozilla/5.0 (Macintosh; Intel Mac OS X 10_15_7) AppleWebKit/605.1.15 (KHTML, like Gecko) Version/27.2 Safari/605.1.15"
[2026-10-10 21:27:04] info: ::1 - - "GET /assets/index-DRJ4-Rlb.js HTTP/1.1" 200 733104 "http://localhost:3000/" "Mozilla/5.0 (Macintosh; Intel Mac OS X 10_15_7) AppleWebKit/605.1.15 (KHTML, like Gecko) Version/27.2 Safari/605.1.15"
[2026-10-10 21:27:05] info: ::1 - - "GET /api/config HTTP/1.1" 200 12659 "http://localhost:3000/" "Mozilla/5.0 (Macintosh; Intel Mac OS X 10_15_7) AppleWebKit/605.1.15 (KHTML, like Gecko) Version/27.2 Safari/605.1.15"
[2026-10-10 21:27:05] info: ::1 - - "GET /api/config HTTP/1.1" 200 12659 "http://localhost:3000/" "Mozilla/5.0 (Macintosh; Intel Mac OS X 10_15_7) AppleWebKit/605.1.15 (KHTML, like Gecko) Version/27.2 Safari/605.1.15"
[2026-10-10 21:27:05] info: ::1 - - "GET /fonts/NotoColorEmoji.ttf HTTP/1.1" 200 10730124 "http://localhost:3000/" "Mozilla/5.0 (Macintosh; Intel Mac OS X 10_15_7) AppleWebKit/605.1.15 (KHTML, like Gecko) Version/27.2 Safari/605.1.15"
[2026-10-10 21:27:05] info: ::1 - - "POST /api/rules/check-conflicts HTTP/1.1" 200 16 "http://localhost:3000/" "Mozilla/5.0 (Macintosh; Intel Mac OS X 10_15_7) AppleWebKit/605.1.15 (KHTML, like Gecko) Version/27.2 Safari/605.1.15"
[2026-10-10 21:27:05] info: ::1 - - "POST /api/rules/check-conflicts HTTP/1.1" 200 16 "http://localhost:3000/" "Mozilla/5.0 (Macintosh; Intel Mac OS X 10_15_7) AppleWebKit/605.1.15 (KHTML, like Gecko) Version/27.2 Safari/605.1.15"
[2026-10-10 21:27:06] info: Wish created {"user_id":null,"wish_id":"11rupevx"}
[2026-10-10 21:27:06] info: ::1 - - "POST /api/wishes HTTP/1.1" 201 46 "http://localhost:3000/" "Mozilla/5.0 (Macintosh; Intel Mac OS X 10_15_7) AppleWebKit/605.1.15 (KHTML, like Gecko) Version/27.2 Safari/605.1.15"
[2026-10-10 21:27:06] info: ::1 - - "POST /api/rules/check-conflicts HTTP/1.1" 200 16 "http://localhost:3000/" "Mozilla/5.0 (Macintosh; Intel Mac OS X 10_15_7) AppleWebKit/605.1.15 (KHTML, like Gecko) Version/27.2 Safari/605.1.15"
[2026-10-10 21:27:06] info: ::1 - - "POST /api/rules/check-conflicts HTTP/1.1" 200 16 "http://localhost:3000/" "Mozilla/5.0 (Macintosh; Intel Mac OS X 10_15_7) AppleWebKit/605.1.15 (KHTML, like Gecko) Version/27.2 Safari/605.1.15"
[2026-10-10 21:27:07] info: WebSocket client connected: YFbTmCnYRW24l9x8AAAX
[2026-10-10 21:27:07] info: ::1 - - "GET /api/wishes?q=Target+Wish+1791667624955&ignore_attributes=1 HTTP/1.1" 200 168 "http://localhost:3000/" "Mozilla/5.0 (Macintosh; Intel Mac OS X 10_15_7) AppleWebKit/605.1.15 (KHTML, like Gecko) Version/27.2 Safari/605.1.15"
[2026-10-10 21:27:10] info: Wishmail sent {"sender_id":null,"target_wish_id":"11rupevx"}
[2026-10-10 21:27:10] info: ::1 - - "POST /api/wishes/11rupevx/mail HTTP/1.1" 200 32 "http://localhost:3000/" "Mozilla/5.0 (Macintosh; Intel Mac OS X 10_15_7) AppleWebKit/605.1.15 (KHTML, like Gecko) Version/27.2 Safari/605.1.15"
[2026-10-10 21:27:12] info: ::1 - - "GET /api/wishes/11rupevx/mail HTTP/1.1" 200 167 "http://localhost:3000/" "Mozilla/5.0 (Macintosh; Intel Mac OS X 10_15_7) AppleWebKit/605.1.15 (KHTML, like Gecko) Version/27.2 Safari/605.1.15"
[2026-10-10 21:27:12] info: WebSocket client disconnected: YFbTmCnYRW24l9x8AAAX
[2026-10-10 21:27:45] info: ::1 - - "GET / HTTP/1.1" 200 698 "-" "-"
[2026-10-10 21:27:45] info: ::1 - - "GET / HTTP/1.1" 200 698 "-" "-"
[2026-10-10 21:27:46] info: ::1 - - "GET / HTTP/1.1" 200 698 "-" "Mozilla/5.0 (Windows NT 10.0; Win64; x64) AppleWebKit/537.36 (KHTML, like Gecko) Chrome/156.0.8078.4 Safari/537.36"
[2026-10-10 21:27:46] info: ::1 - - "GET /theme.css HTTP/1.1" 200 415 "http://localhost:3000/" "Mozilla/5.0 (Windows NT 10.0; Win64; x64) AppleWebKit/537.36 (KHTML, like Gecko) Chrome/156.0.8078.4 Safari/537.36"
[2026-10-10 21:27:46] info: ::1 - - "GET /assets/index-DfIzgRz4.css HTTP/1.1" 200 19113 "http://localhost:3000/" "Mozilla/5.0 (Windows NT 10.0; Win64; x64) AppleWebKit/537.36 (KHTML, like Gecko) Chrome/156.0.8078.4 Safari/537.36"
[2026-10-10 21:27:46] info: ::1 - - "GET /assets/rolldown-runtime-C0FnF6B9.js HTTP/1.1" 200 1291 "http://localhost:3000/" "Mozilla/5.0 (Windows NT 10.0; Win64; x64) AppleWebKit/537.36 (KHTML, like Gecko) Chrome/156.0.8078.4 Safari/537.36"
[2026-10-10 21:27:46] info: ::1 - - "GET /assets/jsx-runtime-CKeovgl0.js HTTP/1.1" 200 7899 "http://localhost:3000/" "Mozilla/5.0 (Windows NT 10.0; Win64; x64) AppleWebKit/537.36 (KHTML, like Gecko) Chrome/156.0.8078.4 Safari/537.36"
[2026-10-10 21:27:46] info: ::1 - - "GET /assets/index-DRJ4-Rlb.js HTTP/1.1" 200 733104 "http://localhost:3000/" "Mozilla/5.0 (Windows NT 10.0; Win64; x64) AppleWebKit/537.36 (KHTML, like Gecko) Chrome/156.0.8078.4 Safari/537.36"
[2026-10-10 21:27:46] info: ::1 - - "GET /api/config HTTP/1.1" 200 12659 "http://localhost:3000/" "Mozilla/5.0 (Windows NT 10.0; Win64; x64) AppleWebKit/537.36 (KHTML, like Gecko) Chrome/156.0.8078.4 Safari/537.36"
[2026-10-10 21:27:46] info: ::1 - - "GET /api/config HTTP/1.1" 304 - "http://localhost:3000/" "Mozilla/5.0 (Windows NT 10.0; Win64; x64) AppleWebKit/537.36 (KHTML, like Gecko) Chrome/156.0.8078.4 Safari/537.36"
[2026-10-10 21:27:46] warn: Failed login attempt {"username":"admin","ip":"::1"}
[2026-10-10 21:27:46] info: ::1 - - "POST /api/users/login HTTP/1.1" 401 43 "http://localhost:3000/" "Mozilla/5.0 (Windows NT 10.0; Win64; x64) AppleWebKit/537.36 (KHTML, like Gecko) Chrome/156.0.8078.4 Safari/537.36"
[2026-10-10 21:27:53] info: ::1 - - "GET / HTTP/1.1" 200 698 "-" "Mozilla/5.0 (Windows NT 10.0; Win64; x64) AppleWebKit/537.36 (KHTML, like Gecko) Chrome/156.0.8078.4 Safari/537.36"
[2026-10-10 21:27:53] info: ::1 - - "GET /theme.css HTTP/1.1" 200 415 "http://localhost:3000/" "Mozilla/5.0 (Windows NT 10.0; Win64; x64) AppleWebKit/537.36 (KHTML, like Gecko) Chrome/156.0.8078.4 Safari/537.36"
[2026-10-10 21:27:53] info: ::1 - - "GET /assets/index-DfIzgRz4.css HTTP/1.1" 200 19113 "http://localhost:3000/" "Mozilla/5.0 (Windows NT 10.0; Win64; x64) AppleWebKit/537.36 (KHTML, like Gecko) Chrome/156.0.8078.4 Safari/537.36"
[2026-10-10 21:27:53] info: ::1 - - "GET /assets/rolldown-runtime-C0FnF6B9.js HTTP/1.1" 200 1291 "http://localhost:3000/" "Mozilla/5.0 (Windows NT 10.0; Win64; x64) AppleWebKit/537.36 (KHTML, like Gecko) Chrome/156.0.8078.4 Safari/537.36"
[2026-10-10 21:27:53] info: ::1 - - "GET /assets/jsx-runtime-CKeovgl0.js HTTP/1.1" 200 7899 "http://localhost:3000/" "Mozilla/5.0 (Windows NT 10.0; Win64; x64) AppleWebKit/537.36 (KHTML, like Gecko) Chrome/156.0.8078.4 Safari/537.36"
[2026-10-10 21:27:53] info: ::1 - - "GET /assets/index-DRJ4-Rlb.js HTTP/1.1" 200 733104 "http://localhost:3000/" "Mozilla/5.0 (Windows NT 10.0; Win64; x64) AppleWebKit/537.36 (KHTML, like Gecko) Chrome/156.0.8078.4 Safari/537.36"
[2026-10-10 21:27:53] info: ::1 - - "GET /api/config HTTP/1.1" 200 12659 "http://localhost:3000/" "Mozilla/5.0 (Windows NT 10.0; Win64; x64) AppleWebKit/537.36 (KHTML, like Gecko) Chrome/156.0.8078.4 Safari/537.36"
[2026-10-10 21:27:53] info: ::1 - - "GET /api/config HTTP/1.1" 304 - "http://localhost:3000/" "Mozilla/5.0 (Windows NT 10.0; Win64; x64) AppleWebKit/537.36 (KHTML, like Gecko) Chrome/156.0.8078.4 Safari/537.36"
[2026-10-10 21:27:53] info: ::1 - - "GET /fonts/NotoColorEmoji.ttf HTTP/1.1" 200 10730124 "http://localhost:3000/assets/index-DfIzgRz4.css" "Mozilla/5.0 (Windows NT 10.0; Win64; x64) AppleWebKit/537.36 (KHTML, like Gecko) Chrome/156.0.8078.4 Safari/537.36"
[2026-10-10 21:27:53] info: Wish created {"user_id":null,"wish_id":"uzwj07xu"}
[2026-10-10 21:27:53] info: ::1 - - "POST /api/wishes HTTP/1.1" 201 45 "http://localhost:3000/" "Mozilla/5.0 (Windows NT 10.0; Win64; x64) AppleWebKit/537.36 (KHTML, like Gecko) Chrome/156.0.8078.4 Safari/537.36"
[2026-10-10 21:27:53] info: WebSocket client connected: yi9IifZutiIEjGG4AAAY
[2026-10-10 21:27:53] info: ::1 - - "GET /api/wishes?q=Spontaneous+road+trip&attributes=%7B%22gender%22%3A%22non-binary%22%2C%22orientation%22%3A%22queer%22%2C%22role%22%3A%22switch%22%7D HTTP/1.1" 200 2377 "http://localhost:3000/" "Mozilla/5.0 (Windows NT 10.0; Win64; x64) AppleWebKit/537.36 (KHTML, like Gecko) Chrome/156.0.8078.4 Safari/537.36"
[2026-10-10 21:27:54] warn: Failed login attempt {"username":"admin","ip":"::1"}
[2026-10-10 21:27:54] info: ::1 - - "POST /api/users/login HTTP/1.1" 401 43 "http://localhost:3000/" "Mozilla/5.0 (Windows NT 10.0; Win64; x64) AppleWebKit/537.36 (KHTML, like Gecko) Chrome/156.0.8078.4 Safari/537.36"
[2026-10-10 21:27:59] info: WebSocket client disconnected: yi9IifZutiIEjGG4AAAY
[2026-10-10 21:28:00] info: ::1 - - "GET / HTTP/1.1" 200 698 "-" "Mozilla/5.0 (Windows NT 10.0; Win64; x64) AppleWebKit/537.36 (KHTML, like Gecko) Chrome/156.0.8078.4 Safari/537.36"
[2026-10-10 21:28:00] info: ::1 - - "GET /theme.css HTTP/1.1" 200 415 "http://localhost:3000/" "Mozilla/5.0 (Windows NT 10.0; Win64; x64) AppleWebKit/537.36 (KHTML, like Gecko) Chrome/156.0.8078.4 Safari/537.36"
[2026-10-10 21:28:00] info: ::1 - - "GET /assets/index-DfIzgRz4.css HTTP/1.1" 200 19113 "http://localhost:3000/" "Mozilla/5.0 (Windows NT 10.0; Win64; x64) AppleWebKit/537.36 (KHTML, like Gecko) Chrome/156.0.8078.4 Safari/537.36"
[2026-10-10 21:28:00] info: ::1 - - "GET /assets/rolldown-runtime-C0FnF6B9.js HTTP/1.1" 200 1291 "http://localhost:3000/" "Mozilla/5.0 (Windows NT 10.0; Win64; x64) AppleWebKit/537.36 (KHTML, like Gecko) Chrome/156.0.8078.4 Safari/537.36"
[2026-10-10 21:28:00] info: ::1 - - "GET /assets/jsx-runtime-CKeovgl0.js HTTP/1.1" 200 7899 "http://localhost:3000/" "Mozilla/5.0 (Windows NT 10.0; Win64; x64) AppleWebKit/537.36 (KHTML, like Gecko) Chrome/156.0.8078.4 Safari/537.36"
[2026-10-10 21:28:00] info: ::1 - - "GET /assets/index-DRJ4-Rlb.js HTTP/1.1" 200 733104 "http://localhost:3000/" "Mozilla/5.0 (Windows NT 10.0; Win64; x64) AppleWebKit/537.36 (KHTML, like Gecko) Chrome/156.0.8078.4 Safari/537.36"
[2026-10-10 21:28:00] info: ::1 - - "GET /api/config HTTP/1.1" 200 12659 "http://localhost:3000/" "Mozilla/5.0 (Windows NT 10.0; Win64; x64) AppleWebKit/537.36 (KHTML, like Gecko) Chrome/156.0.8078.4 Safari/537.36"
[2026-10-10 21:28:00] info: ::1 - - "GET /api/config HTTP/1.1" 304 - "http://localhost:3000/" "Mozilla/5.0 (Windows NT 10.0; Win64; x64) AppleWebKit/537.36 (KHTML, like Gecko) Chrome/156.0.8078.4 Safari/537.36"
[2026-10-10 21:28:00] info: ::1 - - "GET /fonts/NotoColorEmoji.ttf HTTP/1.1" 200 10730124 "http://localhost:3000/assets/index-DfIzgRz4.css" "Mozilla/5.0 (Windows NT 10.0; Win64; x64) AppleWebKit/537.36 (KHTML, like Gecko) Chrome/156.0.8078.4 Safari/537.36"
[2026-10-10 21:28:00] info: New user registered {"user_id":"b58t0yf3","username":"testuser_1791667680161"}
[2026-10-10 21:28:00] info: ::1 - - "POST /api/users/register HTTP/1.1" 200 319 "http://localhost:3000/" "Mozilla/5.0 (Windows NT 10.0; Win64; x64) AppleWebKit/537.36 (KHTML, like Gecko) Chrome/156.0.8078.4 Safari/537.36"
[2026-10-10 21:28:00] info: ::1 - - "GET /api/users/me/wishes HTTP/1.1" 200 2 "http://localhost:3000/" "Mozilla/5.0 (Windows NT 10.0; Win64; x64) AppleWebKit/537.36 (KHTML, like Gecko) Chrome/156.0.8078.4 Safari/537.36"
[2026-10-10 21:28:00] info: ::1 - - "GET /api/wishes/exclusions HTTP/1.1" 200 2 "http://localhost:3000/" "Mozilla/5.0 (Windows NT 10.0; Win64; x64) AppleWebKit/537.36 (KHTML, like Gecko) Chrome/156.0.8078.4 Safari/537.36"
[2026-10-10 21:28:00] info: ::1 - - "GET /api/users/me HTTP/1.1" 200 223 "http://localhost:3000/" "Mozilla/5.0 (Windows NT 10.0; Win64; x64) AppleWebKit/537.36 (KHTML, like Gecko) Chrome/156.0.8078.4 Safari/537.36"
[2026-10-10 21:28:00] info: ::1 - - "GET /api/users/me/wishes HTTP/1.1" 304 - "http://localhost:3000/" "Mozilla/5.0 (Windows NT 10.0; Win64; x64) AppleWebKit/537.36 (KHTML, like Gecko) Chrome/156.0.8078.4 Safari/537.36"
[2026-10-10 21:28:00] info: ::1 - - "GET /api/wishes/exclusions HTTP/1.1" 304 - "http://localhost:3000/" "Mozilla/5.0 (Windows NT 10.0; Win64; x64) AppleWebKit/537.36 (KHTML, like Gecko) Chrome/156.0.8078.4 Safari/537.36"
[2026-10-10 21:28:01] info: Wish created {"user_id":"b58t0yf3","wish_id":"uute1kky"}
[2026-10-10 21:28:01] info: ::1 - - "POST /api/wishes HTTP/1.1" 201 31 "http://localhost:3000/" "Mozilla/5.0 (Windows NT 10.0; Win64; x64) AppleWebKit/537.36 (KHTML, like Gecko) Chrome/156.0.8078.4 Safari/537.36"
[2026-10-10 21:28:01] info: ::1 - - "GET /api/users/me/wishes HTTP/1.1" 200 407 "http://localhost:3000/" "Mozilla/5.0 (Windows NT 10.0; Win64; x64) AppleWebKit/537.36 (KHTML, like Gecko) Chrome/156.0.8078.4 Safari/537.36"
[2026-10-10 21:28:01] info: ::1 - - "GET /api/wishes/exclusions HTTP/1.1" 304 - "http://localhost:3000/" "Mozilla/5.0 (Windows NT 10.0; Win64; x64) AppleWebKit/537.36 (KHTML, like Gecko) Chrome/156.0.8078.4 Safari/537.36"
[2026-10-10 21:28:01] info: Successful login {"username":"testuser_1791667680161","ip":"::1"}
[2026-10-10 21:28:01] info: ::1 - - "POST /api/users/login HTTP/1.1" 200 282 "http://localhost:3000/" "Mozilla/5.0 (Windows NT 10.0; Win64; x64) AppleWebKit/537.36 (KHTML, like Gecko) Chrome/156.0.8078.4 Safari/537.36"
[2026-10-10 21:28:01] info: ::1 - - "GET /api/users/me/wishes HTTP/1.1" 304 - "http://localhost:3000/" "Mozilla/5.0 (Windows NT 10.0; Win64; x64) AppleWebKit/537.36 (KHTML, like Gecko) Chrome/156.0.8078.4 Safari/537.36"
[2026-10-10 21:28:01] info: ::1 - - "GET /api/wishes/exclusions HTTP/1.1" 304 - "http://localhost:3000/" "Mozilla/5.0 (Windows NT 10.0; Win64; x64) AppleWebKit/537.36 (KHTML, like Gecko) Chrome/156.0.8078.4 Safari/537.36"
[2026-10-10 21:28:01] info: ::1 - - "GET /api/users/me HTTP/1.1" 304 - "http://localhost:3000/" "Mozilla/5.0 (Windows NT 10.0; Win64; x64) AppleWebKit/537.36 (KHTML, like Gecko) Chrome/156.0.8078.4 Safari/537.36"
[2026-10-10 21:28:01] info: ::1 - - "GET /api/users/me/wishes HTTP/1.1" 304 - "http://localhost:3000/" "Mozilla/5.0 (Windows NT 10.0; Win64; x64) AppleWebKit/537.36 (KHTML, like Gecko) Chrome/156.0.8078.4 Safari/537.36"
[2026-10-10 21:28:01] info: ::1 - - "GET /api/wishes/exclusions HTTP/1.1" 304 - "http://localhost:3000/" "Mozilla/5.0 (Windows NT 10.0; Win64; x64) AppleWebKit/537.36 (KHTML, like Gecko) Chrome/156.0.8078.4 Safari/537.36"
[2026-10-10 21:28:01] info: ::1 - - "GET / HTTP/1.1" 200 698 "-" "Mozilla/5.0 (Windows NT 10.0; Win64; x64) AppleWebKit/537.36 (KHTML, like Gecko) Chrome/156.0.8078.4 Safari/537.36"
[2026-10-10 21:28:01] info: ::1 - - "GET /theme.css HTTP/1.1" 200 415 "http://localhost:3000/" "Mozilla/5.0 (Windows NT 10.0; Win64; x64) AppleWebKit/537.36 (KHTML, like Gecko) Chrome/156.0.8078.4 Safari/537.36"
[2026-10-10 21:28:01] info: ::1 - - "GET /assets/index-DfIzgRz4.css HTTP/1.1" 200 19113 "http://localhost:3000/" "Mozilla/5.0 (Windows NT 10.0; Win64; x64) AppleWebKit/537.36 (KHTML, like Gecko) Chrome/156.0.8078.4 Safari/537.36"
[2026-10-10 21:28:01] info: ::1 - - "GET /assets/rolldown-runtime-C0FnF6B9.js HTTP/1.1" 200 1291 "http://localhost:3000/" "Mozilla/5.0 (Windows NT 10.0; Win64; x64) AppleWebKit/537.36 (KHTML, like Gecko) Chrome/156.0.8078.4 Safari/537.36"
[2026-10-10 21:28:01] info: ::1 - - "GET /assets/jsx-runtime-CKeovgl0.js HTTP/1.1" 200 7899 "http://localhost:3000/" "Mozilla/5.0 (Windows NT 10.0; Win64; x64) AppleWebKit/537.36 (KHTML, like Gecko) Chrome/156.0.8078.4 Safari/537.36"
[2026-10-10 21:28:01] info: ::1 - - "GET /assets/index-DRJ4-Rlb.js HTTP/1.1" 200 733104 "http://localhost:3000/" "Mozilla/5.0 (Windows NT 10.0; Win64; x64) AppleWebKit/537.36 (KHTML, like Gecko) Chrome/156.0.8078.4 Safari/537.36"
[2026-10-10 21:28:01] info: ::1 - - "GET /api/config HTTP/1.1" 200 12659 "http://localhost:3000/" "Mozilla/5.0 (Windows NT 10.0; Win64; x64) AppleWebKit/537.36 (KHTML, like Gecko) Chrome/156.0.8078.4 Safari/537.36"
[2026-10-10 21:28:01] info: ::1 - - "GET /api/config HTTP/1.1" 304 - "http://localhost:3000/" "Mozilla/5.0 (Windows NT 10.0; Win64; x64) AppleWebKit/537.36 (KHTML, like Gecko) Chrome/156.0.8078.4 Safari/537.36"
[2026-10-10 21:28:01] info: ::1 - - "GET /fonts/NotoColorEmoji.ttf HTTP/1.1" 200 10730124 "http://localhost:3000/assets/index-DfIzgRz4.css" "Mozilla/5.0 (Windows NT 10.0; Win64; x64) AppleWebKit/537.36 (KHTML, like Gecko) Chrome/156.0.8078.4 Safari/537.36"
[2026-10-10 21:28:01] debug: Loaded 51 rules from the database
[2026-10-10 21:28:01] info: Wish created {"user_id":null,"wish_id":"hxqs95ha"}
[2026-10-10 21:28:01] info: ::1 - - "POST /api/wishes HTTP/1.1" 201 48 "http://localhost:3000/" "Mozilla/5.0 (Windows NT 10.0; Win64; x64) AppleWebKit/537.36 (KHTML, like Gecko) Chrome/156.0.8078.4 Safari/537.36"
[2026-10-10 21:28:01] info: WebSocket client connected: Mc4b72CyXZYQOup9AAAZ
[2026-10-10 21:28:02] info: ::1 - - "GET /api/wishes?q=Flagged+test+wish+content+1791667681450&ignore_attributes=1 HTTP/1.1" 200 174 "http://localhost:3000/" "Mozilla/5.0 (Windows NT 10.0; Win64; x64) AppleWebKit/537.36 (KHTML, like Gecko) Chrome/156.0.8078.4 Safari/537.36"
[2026-10-10 21:28:02] warn: Wish flagged for moderation {"wish_id":"hxqs95ha"}
[2026-10-10 21:28:02] info: ::1 - - "POST /api/wishes/hxqs95ha/flag HTTP/1.1" 200 16 "http://localhost:3000/" "Mozilla/5.0 (Windows NT 10.0; Win64; x64) AppleWebKit/537.36 (KHTML, like Gecko) Chrome/156.0.8078.4 Safari/537.36"
[2026-10-10 21:28:02] warn: Failed login attempt {"username":"admin","ip":"::1"}
[2026-10-10 21:28:02] info: ::1 - - "POST /api/users/login HTTP/1.1" 401 43 "http://localhost:3000/" "Mozilla/5.0 (Windows NT 10.0; Win64; x64) AppleWebKit/537.36 (KHTML, like Gecko) Chrome/156.0.8078.4 Safari/537.36"
[2026-10-10 21:29:01] info: WebSocket client disconnected: Mc4b72CyXZYQOup9AAAZ
[2026-10-10 21:29:02] info: ::1 - - "GET / HTTP/1.1" 200 698 "-" "Mozilla/5.0 (Windows NT 10.0; Win64; x64) AppleWebKit/537.36 (KHTML, like Gecko) Chrome/156.0.8078.4 Safari/537.36"
[2026-10-10 21:29:02] info: ::1 - - "GET /theme.css HTTP/1.1" 200 415 "http://localhost:3000/" "Mozilla/5.0 (Windows NT 10.0; Win64; x64) AppleWebKit/537.36 (KHTML, like Gecko) Chrome/156.0.8078.4 Safari/537.36"
[2026-10-10 21:29:02] info: ::1 - - "GET /assets/index-DfIzgRz4.css HTTP/1.1" 200 19113 "http://localhost:3000/" "Mozilla/5.0 (Windows NT 10.0; Win64; x64) AppleWebKit/537.36 (KHTML, like Gecko) Chrome/156.0.8078.4 Safari/537.36"
[2026-10-10 21:29:02] info: ::1 - - "GET /assets/rolldown-runtime-C0FnF6B9.js HTTP/1.1" 200 1291 "http://localhost:3000/" "Mozilla/5.0 (Windows NT 10.0; Win64; x64) AppleWebKit/537.36 (KHTML, like Gecko) Chrome/156.0.8078.4 Safari/537.36"
[2026-10-10 21:29:02] info: ::1 - - "GET /assets/jsx-runtime-CKeovgl0.js HTTP/1.1" 200 7899 "http://localhost:3000/" "Mozilla/5.0 (Windows NT 10.0; Win64; x64) AppleWebKit/537.36 (KHTML, like Gecko) Chrome/156.0.8078.4 Safari/537.36"
[2026-10-10 21:29:02] info: ::1 - - "GET /assets/index-DRJ4-Rlb.js HTTP/1.1" 200 733104 "http://localhost:3000/" "Mozilla/5.0 (Windows NT 10.0; Win64; x64) AppleWebKit/537.36 (KHTML, like Gecko) Chrome/156.0.8078.4 Safari/537.36"
[2026-10-10 21:29:02] info: ::1 - - "GET /api/config HTTP/1.1" 200 12659 "http://localhost:3000/" "Mozilla/5.0 (Windows NT 10.0; Win64; x64) AppleWebKit/537.36 (KHTML, like Gecko) Chrome/156.0.8078.4 Safari/537.36"
[2026-10-10 21:29:02] info: ::1 - - "GET /api/config HTTP/1.1" 304 - "http://localhost:3000/" "Mozilla/5.0 (Windows NT 10.0; Win64; x64) AppleWebKit/537.36 (KHTML, like Gecko) Chrome/156.0.8078.4 Safari/537.36"
[2026-10-10 21:29:02] info: ::1 - - "GET /fonts/NotoColorEmoji.ttf HTTP/1.1" 200 10730124 "http://localhost:3000/assets/index-DfIzgRz4.css" "Mozilla/5.0 (Windows NT 10.0; Win64; x64) AppleWebKit/537.36 (KHTML, like Gecko) Chrome/156.0.8078.4 Safari/537.36"
[2026-10-10 21:29:03] debug: Loaded 51 rules from the database
[2026-10-10 21:29:03] info: Wish created {"user_id":null,"wish_id":"l5zhuh49"}
[2026-10-10 21:29:03] info: ::1 - - "POST /api/wishes HTTP/1.1" 201 48 "http://localhost:3000/" "Mozilla/5.0 (Windows NT 10.0; Win64; x64) AppleWebKit/537.36 (KHTML, like Gecko) Chrome/156.0.8078.4 Safari/537.36"
[2026-10-10 21:29:03] info: ::1 - - "GET /api/wishes/l5zhuh49 HTTP/1.1" 200 237 "http://localhost:3000/" "Mozilla/5.0 (Windows NT 10.0; Win64; x64) AppleWebKit/537.36 (KHTML, like Gecko) Chrome/156.0.8078.4 Safari/537.36"
[2026-10-10 21:29:03] info: ::1 - - "POST /api/wishes/l5zhuh49/manage HTTP/1.1" 200 50 "http://localhost:3000/" "Mozilla/5.0 (Windows NT 10.0; Win64; x64) AppleWebKit/537.36 (KHTML, like Gecko) Chrome/156.0.8078.4 Safari/537.36"
[2026-10-10 21:29:03] info: ::1 - - "POST /api/wishes/l5zhuh49/deactivate HTTP/1.1" 200 16 "http://localhost:3000/" "Mozilla/5.0 (Windows NT 10.0; Win64; x64) AppleWebKit/537.36 (KHTML, like Gecko) Chrome/156.0.8078.4 Safari/537.36"
[2026-10-10 21:29:03] info: WebSocket client connected: SB3ky6skzLiOdQcbAAAa
[2026-10-10 21:29:03] info: ::1 - - "GET /api/wishes?q=UPDATED+text+1791667742583&ignore_attributes=1 HTTP/1.1" 200 2 "http://localhost:3000/" "Mozilla/5.0 (Windows NT 10.0; Win64; x64) AppleWebKit/537.36 (KHTML, like Gecko) Chrome/156.0.8078.4 Safari/537.36"
[2026-10-10 21:29:03] info: ::1 - - "GET /api/wishes/l5zhuh49 HTTP/1.1" 200 237 "http://localhost:3000/" "Mozilla/5.0 (Windows NT 10.0; Win64; x64) AppleWebKit/537.36 (KHTML, like Gecko) Chrome/156.0.8078.4 Safari/537.36"
[2026-10-10 21:29:03] info: ::1 - - "POST /api/wishes/l5zhuh49/reactivate HTTP/1.1" 200 16 "http://localhost:3000/" "Mozilla/5.0 (Windows NT 10.0; Win64; x64) AppleWebKit/537.36 (KHTML, like Gecko) Chrome/156.0.8078.4 Safari/537.36"
[2026-10-10 21:29:03] info: ::1 - - "GET /api/wishes?q=UPDATED+text+1791667742583&ignore_attributes=1 HTTP/1.1" 200 177 "http://localhost:3000/" "Mozilla/5.0 (Windows NT 10.0; Win64; x64) AppleWebKit/537.36 (KHTML, like Gecko) Chrome/156.0.8078.4 Safari/537.36"
[2026-10-10 21:29:03] info: WebSocket client disconnected: SB3ky6skzLiOdQcbAAAa
[2026-10-10 21:29:04] info: ::1 - - "GET / HTTP/1.1" 200 698 "-" "Mozilla/5.0 (Windows NT 10.0; Win64; x64) AppleWebKit/537.36 (KHTML, like Gecko) Chrome/156.0.8078.4 Safari/537.36"
[2026-10-10 21:29:04] info: ::1 - - "GET /theme.css HTTP/1.1" 200 415 "http://localhost:3000/" "Mozilla/5.0 (Windows NT 10.0; Win64; x64) AppleWebKit/537.36 (KHTML, like Gecko) Chrome/156.0.8078.4 Safari/537.36"
[2026-10-10 21:29:04] info: ::1 - - "GET /assets/index-DfIzgRz4.css HTTP/1.1" 200 19113 "http://localhost:3000/" "Mozilla/5.0 (Windows NT 10.0; Win64; x64) AppleWebKit/537.36 (KHTML, like Gecko) Chrome/156.0.8078.4 Safari/537.36"
[2026-10-10 21:29:04] info: ::1 - - "GET /assets/rolldown-runtime-C0FnF6B9.js HTTP/1.1" 200 1291 "http://localhost:3000/" "Mozilla/5.0 (Windows NT 10.0; Win64; x64) AppleWebKit/537.36 (KHTML, like Gecko) Chrome/156.0.8078.4 Safari/537.36"
[2026-10-10 21:29:04] info: ::1 - - "GET /assets/jsx-runtime-CKeovgl0.js HTTP/1.1" 200 7899 "http://localhost:3000/" "Mozilla/5.0 (Windows NT 10.0; Win64; x64) AppleWebKit/537.36 (KHTML, like Gecko) Chrome/156.0.8078.4 Safari/537.36"
[2026-10-10 21:29:04] info: ::1 - - "GET /assets/index-DRJ4-Rlb.js HTTP/1.1" 200 733104 "http://localhost:3000/" "Mozilla/5.0 (Windows NT 10.0; Win64; x64) AppleWebKit/537.36 (KHTML, like Gecko) Chrome/156.0.8078.4 Safari/537.36"
[2026-10-10 21:29:04] info: ::1 - - "GET /api/config HTTP/1.1" 200 12659 "http://localhost:3000/" "Mozilla/5.0 (Windows NT 10.0; Win64; x64) AppleWebKit/537.36 (KHTML, like Gecko) Chrome/156.0.8078.4 Safari/537.36"
[2026-10-10 21:29:04] info: ::1 - - "GET /api/config HTTP/1.1" 304 - "http://localhost:3000/" "Mozilla/5.0 (Windows NT 10.0; Win64; x64) AppleWebKit/537.36 (KHTML, like Gecko) Chrome/156.0.8078.4 Safari/537.36"
[2026-10-10 21:29:04] info: ::1 - - "GET /fonts/NotoColorEmoji.ttf HTTP/1.1" 200 10730124 "http://localhost:3000/assets/index-DfIzgRz4.css" "Mozilla/5.0 (Windows NT 10.0; Win64; x64) AppleWebKit/537.36 (KHTML, like Gecko) Chrome/156.0.8078.4 Safari/537.36"
[2026-10-10 21:29:04] info: Wish created {"user_id":null,"wish_id":"4c3utbq9"}
[2026-10-10 21:29:04] info: ::1 - - "POST /api/wishes HTTP/1.1" 201 46 "http://localhost:3000/" "Mozilla/5.0 (Windows NT 10.0; Win64; x64) AppleWebKit/537.36 (KHTML, like Gecko) Chrome/156.0.8078.4 Safari/537.36"
[2026-10-10 21:29:04] info: WebSocket client connected: Rs2W2OYv-yv4-hV0AAAb
[2026-10-10 21:29:04] info: ::1 - - "GET /api/wishes?q=Target+Wish+1791667744052&ignore_attributes=1 HTTP/1.1" 200 168 "http://localhost:3000/" "Mozilla/5.0 (Windows NT 10.0; Win64; x64) AppleWebKit/537.36 (KHTML, like Gecko) Chrome/156.0.8078.4 Safari/537.36"
[2026-10-10 21:29:05] info: Wishmail sent {"sender_id":null,"target_wish_id":"4c3utbq9"}
[2026-10-10 21:29:05] info: ::1 - - "POST /api/wishes/4c3utbq9/mail HTTP/1.1" 200 32 "http://localhost:3000/" "Mozilla/5.0 (Windows NT 10.0; Win64; x64) AppleWebKit/537.36 (KHTML, like Gecko) Chrome/156.0.8078.4 Safari/537.36"
[2026-10-10 21:29:07] info: ::1 - - "GET /api/wishes/4c3utbq9/mail HTTP/1.1" 200 167 "http://localhost:3000/" "Mozilla/5.0 (Windows NT 10.0; Win64; x64) AppleWebKit/537.36 (KHTML, like Gecko) Chrome/156.0.8078.4 Safari/537.36"
[2026-10-10 21:29:07] info: WebSocket client disconnected: Rs2W2OYv-yv4-hV0AAAb
[2026-10-10 21:29:09] info: ::1 - - "GET / HTTP/1.1" 200 698 "-" "Mozilla/5.0 (Windows NT 10.0; Win64; x64) AppleWebKit/537.36 (KHTML, like Gecko) Chrome/156.0.8078.4 Safari/537.36"
[2026-10-10 21:29:09] info: ::1 - - "GET /theme.css HTTP/1.1" 200 415 "http://localhost:3000/" "Mozilla/5.0 (Windows NT 10.0; Win64; x64) AppleWebKit/537.36 (KHTML, like Gecko) Chrome/156.0.8078.4 Safari/537.36"
[2026-10-10 21:29:09] info: ::1 - - "GET /assets/index-DfIzgRz4.css HTTP/1.1" 200 19113 "http://localhost:3000/" "Mozilla/5.0 (Windows NT 10.0; Win64; x64) AppleWebKit/537.36 (KHTML, like Gecko) Chrome/156.0.8078.4 Safari/537.36"
[2026-10-10 21:29:09] info: ::1 - - "GET /assets/rolldown-runtime-C0FnF6B9.js HTTP/1.1" 200 1291 "http://localhost:3000/" "Mozilla/5.0 (Windows NT 10.0; Win64; x64) AppleWebKit/537.36 (KHTML, like Gecko) Chrome/156.0.8078.4 Safari/537.36"
[2026-10-10 21:29:09] info: ::1 - - "GET /assets/jsx-runtime-CKeovgl0.js HTTP/1.1" 200 7899 "http://localhost:3000/" "Mozilla/5.0 (Windows NT 10.0; Win64; x64) AppleWebKit/537.36 (KHTML, like Gecko) Chrome/156.0.8078.4 Safari/537.36"
[2026-10-10 21:29:09] info: ::1 - - "GET /assets/index-DRJ4-Rlb.js HTTP/1.1" 200 733104 "http://localhost:3000/" "Mozilla/5.0 (Windows NT 10.0; Win64; x64) AppleWebKit/537.36 (KHTML, like Gecko) Chrome/156.0.8078.4 Safari/537.36"
[2026-10-10 21:29:09] info: ::1 - - "GET /api/config HTTP/1.1" 200 12659 "http://localhost:3000/" "Mozilla/5.0 (Windows NT 10.0; Win64; x64) AppleWebKit/537.36 (KHTML, like Gecko) Chrome/156.0.8078.4 Safari/537.36"
[2026-10-10 21:29:09] info: ::1 - - "GET /api/config HTTP/1.1" 304 - "http://localhost:3000/" "Mozilla/5.0 (Windows NT 10.0; Win64; x64) AppleWebKit/537.36 (KHTML, like Gecko) Chrome/156.0.8078.4 Safari/537.36"
[2026-10-10 21:29:09] info: ::1 - - "GET /fonts/NotoColorEmoji.ttf HTTP/1.1" 200 10730124 "http://localhost:3000/assets/index-DfIzgRz4.css" "Mozilla/5.0 (Windows NT 10.0; Win64; x64) AppleWebKit/537.36 (KHTML, like Gecko) Chrome/156.0.8078.4 Safari/537.36"
[2026-10-10 21:29:09] info: ::1 - - "GET /assets/WishScanner-SKR3iut2.js HTTP/1.1" 200 5900 "http://localhost:3000/" "Mozilla/5.0 (Windows NT 10.0; Win64; x64) AppleWebKit/537.36 (KHTML, like Gecko) Chrome/156.0.8078.4 Safari/537.36"
[2026-10-10 21:29:09] info: ::1 - - "GET /assets/cardProcessor-CtEr0-3t.js HTTP/1.1" 200 15584883 "http://localhost:3000/" "Mozilla/5.0 (Windows NT 10.0; Win64; x64) AppleWebKit/537.36 (KHTML, like Gecko) Chrome/156.0.8078.4 Safari/537.36"
[2026-10-10 21:29:09] info: ::1 - - "POST /api/rules/check-conflicts HTTP/1.1" 200 16 "http://localhost:3000/" "Mozilla/5.0 (Windows NT 10.0; Win64; x64) AppleWebKit/537.36 (KHTML, like Gecko) Chrome/156.0.8078.4 Safari/537.36"
[2026-10-10 21:29:09] info: ::1 - - "POST /api/rules/check-conflicts HTTP/1.1" 200 16 "http://localhost:3000/" "Mozilla/5.0 (Windows NT 10.0; Win64; x64) AppleWebKit/537.36 (KHTML, like Gecko) Chrome/156.0.8078.4 Safari/537.36"
[2026-10-10 21:29:15] info: ::1 - - "GET / HTTP/1.1" 200 698 "-" "Mozilla/5.0 (Macintosh; Intel Mac OS X 10_15_7) AppleWebKit/605.1.15 (KHTML, like Gecko) Version/27.2 Safari/605.1.15"
[2026-10-10 21:29:15] info: ::1 - - "GET /theme.css HTTP/1.1" 200 415 "http://localhost:3000/" "Mozilla/5.0 (Macintosh; Intel Mac OS X 10_15_7) AppleWebKit/605.1.15 (KHTML, like Gecko) Version/27.2 Safari/605.1.15"
[2026-10-10 21:29:15] info: ::1 - - "GET /assets/rolldown-runtime-C0FnF6B9.js HTTP/1.1" 200 1291 "http://localhost:3000/" "Mozilla/5.0 (Macintosh; Intel Mac OS X 10_15_7) AppleWebKit/605.1.15 (KHTML, like Gecko) Version/27.2 Safari/605.1.15"
[2026-10-10 21:29:15] info: ::1 - - "GET /assets/jsx-runtime-CKeovgl0.js HTTP/1.1" 200 7899 "http://localhost:3000/" "Mozilla/5.0 (Macintosh; Intel Mac OS X 10_15_7) AppleWebKit/605.1.15 (KHTML, like Gecko) Version/27.2 Safari/605.1.15"
[2026-10-10 21:29:15] info: ::1 - - "GET /assets/index-DfIzgRz4.css HTTP/1.1" 200 19113 "http://localhost:3000/" "Mozilla/5.0 (Macintosh; Intel Mac OS X 10_15_7) AppleWebKit/605.1.15 (KHTML, like Gecko) Version/27.2 Safari/605.1.15"
[2026-10-10 21:29:15] info: ::1 - - "GET /assets/index-DRJ4-Rlb.js HTTP/1.1" 200 733104 "http://localhost:3000/" "Mozilla/5.0 (Macintosh; Intel Mac OS X 10_15_7) AppleWebKit/605.1.15 (KHTML, like Gecko) Version/27.2 Safari/605.1.15"
[2026-10-10 21:29:15] info: ::1 - - "GET /api/config HTTP/1.1" 200 12659 "http://localhost:3000/" "Mozilla/5.0 (Macintosh; Intel Mac OS X 10_15_7) AppleWebKit/605.1.15 (KHTML, like Gecko) Version/27.2 Safari/605.1.15"
[2026-10-10 21:29:15] info: ::1 - - "GET /api/config HTTP/1.1" 200 12659 "http://localhost:3000/" "Mozilla/5.0 (Macintosh; Intel Mac OS X 10_15_7) AppleWebKit/605.1.15 (KHTML, like Gecko) Version/27.2 Safari/605.1.15"
[2026-10-10 21:29:16] warn: Failed login attempt {"username":"admin","ip":"::1"}
[2026-10-10 21:29:16] info: ::1 - - "POST /api/users/login HTTP/1.1" 401 43 "http://localhost:3000/" "Mozilla/5.0 (Macintosh; Intel Mac OS X 10_15_7) AppleWebKit/605.1.15 (KHTML, like Gecko) Version/27.2 Safari/605.1.15"
[2026-10-10 21:29:22] info: ::1 - - "GET / HTTP/1.1" 200 698 "-" "Mozilla/5.0 (Macintosh; Intel Mac OS X 10_15_7) AppleWebKit/605.1.15 (KHTML, like Gecko) Version/27.2 Safari/605.1.15"
[2026-10-10 21:29:22] info: ::1 - - "GET /theme.css HTTP/1.1" 200 415 "http://localhost:3000/" "Mozilla/5.0 (Macintosh; Intel Mac OS X 10_15_7) AppleWebKit/605.1.15 (KHTML, like Gecko) Version/27.2 Safari/605.1.15"
[2026-10-10 21:29:22] info: ::1 - - "GET /assets/jsx-runtime-CKeovgl0.js HTTP/1.1" 200 7899 "http://localhost:3000/" "Mozilla/5.0 (Macintosh; Intel Mac OS X 10_15_7) AppleWebKit/605.1.15 (KHTML, like Gecko) Version/27.2 Safari/605.1.15"
[2026-10-10 21:29:22] info: ::1 - - "GET /assets/rolldown-runtime-C0FnF6B9.js HTTP/1.1" 200 1291 "http://localhost:3000/" "Mozilla/5.0 (Macintosh; Intel Mac OS X 10_15_7) AppleWebKit/605.1.15 (KHTML, like Gecko) Version/27.2 Safari/605.1.15"
[2026-10-10 21:29:22] info: ::1 - - "GET /assets/index-DfIzgRz4.css HTTP/1.1" 200 19113 "http://localhost:3000/" "Mozilla/5.0 (Macintosh; Intel Mac OS X 10_15_7) AppleWebKit/605.1.15 (KHTML, like Gecko) Version/27.2 Safari/605.1.15"
[2026-10-10 21:29:22] info: ::1 - - "GET /assets/index-DRJ4-Rlb.js HTTP/1.1" 200 733104 "http://localhost:3000/" "Mozilla/5.0 (Macintosh; Intel Mac OS X 10_15_7) AppleWebKit/605.1.15 (KHTML, like Gecko) Version/27.2 Safari/605.1.15"
[2026-10-10 21:29:22] info: ::1 - - "GET /api/config HTTP/1.1" 200 12659 "http://localhost:3000/" "Mozilla/5.0 (Macintosh; Intel Mac OS X 10_15_7) AppleWebKit/605.1.15 (KHTML, like Gecko) Version/27.2 Safari/605.1.15"
[2026-10-10 21:29:22] info: ::1 - - "GET /api/config HTTP/1.1" 200 12659 "http://localhost:3000/" "Mozilla/5.0 (Macintosh; Intel Mac OS X 10_15_7) AppleWebKit/605.1.15 (KHTML, like Gecko) Version/27.2 Safari/605.1.15"
[2026-10-10 21:29:22] info: ::1 - - "GET /fonts/NotoColorEmoji.ttf HTTP/1.1" 200 10730124 "http://localhost:3000/" "Mozilla/5.0 (Macintosh; Intel Mac OS X 10_15_7) AppleWebKit/605.1.15 (KHTML, like Gecko) Version/27.2 Safari/605.1.15"
[2026-10-10 21:29:23] info: ::1 - - "POST /api/rules/check-conflicts HTTP/1.1" 200 16 "http://localhost:3000/" "Mozilla/5.0 (Macintosh; Intel Mac OS X 10_15_7) AppleWebKit/605.1.15 (KHTML, like Gecko) Version/27.2 Safari/605.1.15"
[2026-10-10 21:29:23] info: ::1 - - "POST /api/rules/check-conflicts HTTP/1.1" 200 16 "http://localhost:3000/" "Mozilla/5.0 (Macintosh; Intel Mac OS X 10_15_7) AppleWebKit/605.1.15 (KHTML, like Gecko) Version/27.2 Safari/605.1.15"
[2026-10-10 21:29:23] info: Wish created {"user_id":null,"wish_id":"kacy48du"}
[2026-10-10 21:29:23] info: ::1 - - "POST /api/wishes HTTP/1.1" 201 47 "http://localhost:3000/" "Mozilla/5.0 (Macintosh; Intel Mac OS X 10_15_7) AppleWebKit/605.1.15 (KHTML, like Gecko) Version/27.2 Safari/605.1.15"
[2026-10-10 21:29:23] info: ::1 - - "POST /api/rules/check-conflicts HTTP/1.1" 200 16 "http://localhost:3000/" "Mozilla/5.0 (Macintosh; Intel Mac OS X 10_15_7) AppleWebKit/605.1.15 (KHTML, like Gecko) Version/27.2 Safari/605.1.15"
[2026-10-10 21:29:23] info: ::1 - - "POST /api/rules/check-conflicts HTTP/1.1" 200 16 "http://localhost:3000/" "Mozilla/5.0 (Macintosh; Intel Mac OS X 10_15_7) AppleWebKit/605.1.15 (KHTML, like Gecko) Version/27.2 Safari/605.1.15"
[2026-10-10 21:29:24] info: WebSocket client connected: hR-Wl_0fTLzlKKp_AAAc
[2026-10-10 21:29:24] info: ::1 - - "GET /api/wishes?q=Spontaneous+road+trip&attributes=%7B%22gender%22%3A%22non-binary%22%2C%22orientation%22%3A%22queer%22%2C%22role%22%3A%22switch%22%7D HTTP/1.1" 200 2641 "http://localhost:3000/" "Mozilla/5.0 (Macintosh; Intel Mac OS X 10_15_7) AppleWebKit/605.1.15 (KHTML, like Gecko) Version/27.2 Safari/605.1.15"
[2026-10-10 21:29:25] warn: Failed login attempt {"username":"admin","ip":"::1"}
[2026-10-10 21:29:25] info: ::1 - - "POST /api/users/login HTTP/1.1" 401 43 "http://localhost:3000/" "Mozilla/5.0 (Macintosh; Intel Mac OS X 10_15_7) AppleWebKit/605.1.15 (KHTML, like Gecko) Version/27.2 Safari/605.1.15"
[2026-10-10 21:29:30] info: WebSocket client disconnected: hR-Wl_0fTLzlKKp_AAAc
[2026-10-10 21:29:31] info: ::1 - - "GET / HTTP/1.1" 200 698 "-" "Mozilla/5.0 (Macintosh; Intel Mac OS X 10_15_7) AppleWebKit/605.1.15 (KHTML, like Gecko) Version/27.2 Safari/605.1.15"
[2026-10-10 21:29:31] info: ::1 - - "GET /theme.css HTTP/1.1" 200 415 "http://localhost:3000/" "Mozilla/5.0 (Macintosh; Intel Mac OS X 10_15_7) AppleWebKit/605.1.15 (KHTML, like Gecko) Version/27.2 Safari/605.1.15"
[2026-10-10 21:29:31] info: ::1 - - "GET /assets/rolldown-runtime-C0FnF6B9.js HTTP/1.1" 200 1291 "http://localhost:3000/" "Mozilla/5.0 (Macintosh; Intel Mac OS X 10_15_7) AppleWebKit/605.1.15 (KHTML, like Gecko) Version/27.2 Safari/605.1.15"
[2026-10-10 21:29:31] info: ::1 - - "GET /assets/jsx-runtime-CKeovgl0.js HTTP/1.1" 200 7899 "http://localhost:3000/" "Mozilla/5.0 (Macintosh; Intel Mac OS X 10_15_7) AppleWebKit/605.1.15 (KHTML, like Gecko) Version/27.2 Safari/605.1.15"
[2026-10-10 21:29:31] info: ::1 - - "GET /assets/index-DfIzgRz4.css HTTP/1.1" 200 19113 "http://localhost:3000/" "Mozilla/5.0 (Macintosh; Intel Mac OS X 10_15_7) AppleWebKit/605.1.15 (KHTML, like Gecko) Version/27.2 Safari/605.1.15"
[2026-10-10 21:29:31] info: ::1 - - "GET /assets/index-DRJ4-Rlb.js HTTP/1.1" 200 733104 "http://localhost:3000/" "Mozilla/5.0 (Macintosh; Intel Mac OS X 10_15_7) AppleWebKit/605.1.15 (KHTML, like Gecko) Version/27.2 Safari/605.1.15"
[2026-10-10 21:29:31] info: ::1 - - "GET /api/config HTTP/1.1" 200 12659 "http://localhost:3000/" "Mozilla/5.0 (Macintosh; Intel Mac OS X 10_15_7) AppleWebKit/605.1.15 (KHTML, like Gecko) Version/27.2 Safari/605.1.15"
[2026-10-10 21:29:31] info: ::1 - - "GET /api/config HTTP/1.1" 200 12659 "http://localhost:3000/" "Mozilla/5.0 (Macintosh; Intel Mac OS X 10_15_7) AppleWebKit/605.1.15 (KHTML, like Gecko) Version/27.2 Safari/605.1.15"
[2026-10-10 21:29:32] info: ::1 - - "GET /fonts/NotoColorEmoji.ttf HTTP/1.1" 200 10730124 "http://localhost:3000/" "Mozilla/5.0 (Macintosh; Intel Mac OS X 10_15_7) AppleWebKit/605.1.15 (KHTML, like Gecko) Version/27.2 Safari/605.1.15"
[2026-10-10 21:29:32] info: ::1 - - "POST /api/rules/check-conflicts HTTP/1.1" 200 16 "http://localhost:3000/" "Mozilla/5.0 (Macintosh; Intel Mac OS X 10_15_7) AppleWebKit/605.1.15 (KHTML, like Gecko) Version/27.2 Safari/605.1.15"
[2026-10-10 21:29:32] info: ::1 - - "GET /api/users/exists?username=testuser_1791667771810 HTTP/1.1" 200 16 "http://localhost:3000/" "Mozilla/5.0 (Macintosh; Intel Mac OS X 10_15_7) AppleWebKit/605.1.15 (KHTML, like Gecko) Version/27.2 Safari/605.1.15"
[2026-10-10 21:29:33] info: ::1 - - "POST /api/rules/check-conflicts HTTP/1.1" 200 16 "http://localhost:3000/" "Mozilla/5.0 (Macintosh; Intel Mac OS X 10_15_7) AppleWebKit/605.1.15 (KHTML, like Gecko) Version/27.2 Safari/605.1.15"
[2026-10-10 21:29:33] info: New user registered {"user_id":"l4q23cwi","username":"testuser_1791667771810"}
[2026-10-10 21:29:33] info: ::1 - - "POST /api/users/register HTTP/1.1" 200 319 "http://localhost:3000/" "Mozilla/5.0 (Macintosh; Intel Mac OS X 10_15_7) AppleWebKit/605.1.15 (KHTML, like Gecko) Version/27.2 Safari/605.1.15"
[2026-10-10 21:29:33] info: ::1 - - "GET /api/users/me/wishes HTTP/1.1" 200 2 "http://localhost:3000/" "Mozilla/5.0 (Macintosh; Intel Mac OS X 10_15_7) AppleWebKit/605.1.15 (KHTML, like Gecko) Version/27.2 Safari/605.1.15"
[2026-10-10 21:29:33] info: ::1 - - "GET /api/wishes/exclusions HTTP/1.1" 200 2 "http://localhost:3000/" "Mozilla/5.0 (Macintosh; Intel Mac OS X 10_15_7) AppleWebKit/605.1.15 (KHTML, like Gecko) Version/27.2 Safari/605.1.15"
[2026-10-10 21:29:33] info: ::1 - - "GET /api/users/me HTTP/1.1" 200 223 "http://localhost:3000/" "Mozilla/5.0 (Macintosh; Intel Mac OS X 10_15_7) AppleWebKit/605.1.15 (KHTML, like Gecko) Version/27.2 Safari/605.1.15"
[2026-10-10 21:29:33] info: ::1 - - "GET /api/users/me/wishes HTTP/1.1" 200 2 "http://localhost:3000/" "Mozilla/5.0 (Macintosh; Intel Mac OS X 10_15_7) AppleWebKit/605.1.15 (KHTML, like Gecko) Version/27.2 Safari/605.1.15"
[2026-10-10 21:29:33] info: ::1 - - "GET /api/wishes/exclusions HTTP/1.1" 200 2 "http://localhost:3000/" "Mozilla/5.0 (Macintosh; Intel Mac OS X 10_15_7) AppleWebKit/605.1.15 (KHTML, like Gecko) Version/27.2 Safari/605.1.15"
[2026-10-10 21:29:33] info: ::1 - - "POST /api/rules/check-conflicts HTTP/1.1" 200 16 "http://localhost:3000/" "Mozilla/5.0 (Macintosh; Intel Mac OS X 10_15_7) AppleWebKit/605.1.15 (KHTML, like Gecko) Version/27.2 Safari/605.1.15"
[2026-10-10 21:29:33] info: ::1 - - "POST /api/rules/check-conflicts HTTP/1.1" 200 16 "http://localhost:3000/" "Mozilla/5.0 (Macintosh; Intel Mac OS X 10_15_7) AppleWebKit/605.1.15 (KHTML, like Gecko) Version/27.2 Safari/605.1.15"
[2026-10-10 21:29:34] info: Wish created {"user_id":"l4q23cwi","wish_id":"fd2tc1q0"}
[2026-10-10 21:29:34] info: ::1 - - "POST /api/wishes HTTP/1.1" 201 31 "http://localhost:3000/" "Mozilla/5.0 (Macintosh; Intel Mac OS X 10_15_7) AppleWebKit/605.1.15 (KHTML, like Gecko) Version/27.2 Safari/605.1.15"
[2026-10-10 21:29:34] info: ::1 - - "POST /api/rules/check-conflicts HTTP/1.1" 200 16 "http://localhost:3000/" "Mozilla/5.0 (Macintosh; Intel Mac OS X 10_15_7) AppleWebKit/605.1.15 (KHTML, like Gecko) Version/27.2 Safari/605.1.15"
[2026-10-10 21:29:34] info: ::1 - - "GET /api/users/me/wishes HTTP/1.1" 200 407 "http://localhost:3000/" "Mozilla/5.0 (Macintosh; Intel Mac OS X 10_15_7) AppleWebKit/605.1.15 (KHTML, like Gecko) Version/27.2 Safari/605.1.15"
[2026-10-10 21:29:34] info: ::1 - - "GET /api/wishes/exclusions HTTP/1.1" 200 2 "http://localhost:3000/" "Mozilla/5.0 (Macintosh; Intel Mac OS X 10_15_7) AppleWebKit/605.1.15 (KHTML, like Gecko) Version/27.2 Safari/605.1.15"
[2026-10-10 21:29:35] info: ::1 - - "POST /api/rules/check-conflicts HTTP/1.1" 200 16 "http://localhost:3000/" "Mozilla/5.0 (Macintosh; Intel Mac OS X 10_15_7) AppleWebKit/605.1.15 (KHTML, like Gecko) Version/27.2 Safari/605.1.15"
[2026-10-10 21:29:36] info: ::1 - - "POST /api/rules/check-conflicts HTTP/1.1" 200 16 "http://localhost:3000/" "Mozilla/5.0 (Macintosh; Intel Mac OS X 10_15_7) AppleWebKit/605.1.15 (KHTML, like Gecko) Version/27.2 Safari/605.1.15"
[2026-10-10 21:29:36] info: Successful login {"username":"testuser_1791667771810","ip":"::1"}
[2026-10-10 21:29:36] info: ::1 - - "POST /api/users/login HTTP/1.1" 200 282 "http://localhost:3000/" "Mozilla/5.0 (Macintosh; Intel Mac OS X 10_15_7) AppleWebKit/605.1.15 (KHTML, like Gecko) Version/27.2 Safari/605.1.15"
[2026-10-10 21:29:36] info: ::1 - - "GET /api/users/me/wishes HTTP/1.1" 200 407 "http://localhost:3000/" "Mozilla/5.0 (Macintosh; Intel Mac OS X 10_15_7) AppleWebKit/605.1.15 (KHTML, like Gecko) Version/27.2 Safari/605.1.15"
[2026-10-10 21:29:36] info: ::1 - - "GET /api/wishes/exclusions HTTP/1.1" 200 2 "http://localhost:3000/" "Mozilla/5.0 (Macintosh; Intel Mac OS X 10_15_7) AppleWebKit/605.1.15 (KHTML, like Gecko) Version/27.2 Safari/605.1.15"
[2026-10-10 21:29:36] info: ::1 - - "GET /api/users/me HTTP/1.1" 200 223 "http://localhost:3000/" "Mozilla/5.0 (Macintosh; Intel Mac OS X 10_15_7) AppleWebKit/605.1.15 (KHTML, like Gecko) Version/27.2 Safari/605.1.15"
[2026-10-10 21:29:36] info: ::1 - - "GET /api/users/me/wishes HTTP/1.1" 200 407 "http://localhost:3000/" "Mozilla/5.0 (Macintosh; Intel Mac OS X 10_15_7) AppleWebKit/605.1.15 (KHTML, like Gecko) Version/27.2 Safari/605.1.15"
[2026-10-10 21:29:36] info: ::1 - - "GET /api/wishes/exclusions HTTP/1.1" 200 2 "http://localhost:3000/" "Mozilla/5.0 (Macintosh; Intel Mac OS X 10_15_7) AppleWebKit/605.1.15 (KHTML, like Gecko) Version/27.2 Safari/605.1.15"
[2026-10-10 21:29:36] info: ::1 - - "GET / HTTP/1.1" 200 698 "-" "Mozilla/5.0 (Macintosh; Intel Mac OS X 10_15_7) AppleWebKit/605.1.15 (KHTML, like Gecko) Version/27.2 Safari/605.1.15"
[2026-10-10 21:29:36] info: ::1 - - "GET /theme.css HTTP/1.1" 200 415 "http://localhost:3000/" "Mozilla/5.0 (Macintosh; Intel Mac OS X 10_15_7) AppleWebKit/605.1.15 (KHTML, like Gecko) Version/27.2 Safari/605.1.15"
[2026-10-10 21:29:36] info: ::1 - - "GET /assets/rolldown-runtime-C0FnF6B9.js HTTP/1.1" 200 1291 "http://localhost:3000/" "Mozilla/5.0 (Macintosh; Intel Mac OS X 10_15_7) AppleWebKit/605.1.15 (KHTML, like Gecko) Version/27.2 Safari/605.1.15"
[2026-10-10 21:29:36] info: ::1 - - "GET /assets/jsx-runtime-CKeovgl0.js HTTP/1.1" 200 7899 "http://localhost:3000/" "Mozilla/5.0 (Macintosh; Intel Mac OS X 10_15_7) AppleWebKit/605.1.15 (KHTML, like Gecko) Version/27.2 Safari/605.1.15"
[2026-10-10 21:29:36] info: ::1 - - "GET /assets/index-DfIzgRz4.css HTTP/1.1" 200 19113 "http://localhost:3000/" "Mozilla/5.0 (Macintosh; Intel Mac OS X 10_15_7) AppleWebKit/605.1.15 (KHTML, like Gecko) Version/27.2 Safari/605.1.15"
[2026-10-10 21:29:36] info: ::1 - - "GET /assets/index-DRJ4-Rlb.js HTTP/1.1" 200 733104 "http://localhost:3000/" "Mozilla/5.0 (Macintosh; Intel Mac OS X 10_15_7) AppleWebKit/605.1.15 (KHTML, like Gecko) Version/27.2 Safari/605.1.15"
[2026-10-10 21:29:36] info: ::1 - - "GET /api/config HTTP/1.1" 200 12659 "http://localhost:3000/" "Mozilla/5.0 (Macintosh; Intel Mac OS X 10_15_7) AppleWebKit/605.1.15 (KHTML, like Gecko) Version/27.2 Safari/605.1.15"
[2026-10-10 21:29:36] info: ::1 - - "GET /api/config HTTP/1.1" 200 12659 "http://localhost:3000/" "Mozilla/5.0 (Macintosh; Intel Mac OS X 10_15_7) AppleWebKit/605.1.15 (KHTML, like Gecko) Version/27.2 Safari/605.1.15"
[2026-10-10 21:29:36] info: ::1 - - "GET /fonts/NotoColorEmoji.ttf HTTP/1.1" 200 10730124 "http://localhost:3000/" "Mozilla/5.0 (Macintosh; Intel Mac OS X 10_15_7) AppleWebKit/605.1.15 (KHTML, like Gecko) Version/27.2 Safari/605.1.15"
[2026-10-10 21:29:37] info: ::1 - - "POST /api/rules/check-conflicts HTTP/1.1" 200 16 "http://localhost:3000/" "Mozilla/5.0 (Macintosh; Intel Mac OS X 10_15_7) AppleWebKit/605.1.15 (KHTML, like Gecko) Version/27.2 Safari/605.1.15"
[2026-10-10 21:29:37] info: ::1 - - "POST /api/rules/check-conflicts HTTP/1.1" 200 16 "http://localhost:3000/" "Mozilla/5.0 (Macintosh; Intel Mac OS X 10_15_7) AppleWebKit/605.1.15 (KHTML, like Gecko) Version/27.2 Safari/605.1.15"
[2026-10-10 21:29:37] info: Wish created {"user_id":null,"wish_id":"jbnmbzww"}
[2026-10-10 21:29:37] info: ::1 - - "POST /api/wishes HTTP/1.1" 201 44 "http://localhost:3000/" "Mozilla/5.0 (Macintosh; Intel Mac OS X 10_15_7) AppleWebKit/605.1.15 (KHTML, like Gecko) Version/27.2 Safari/605.1.15"
[2026-10-10 21:29:38] info: ::1 - - "POST /api/rules/check-conflicts HTTP/1.1" 200 16 "http://localhost:3000/" "Mozilla/5.0 (Macintosh; Intel Mac OS X 10_15_7) AppleWebKit/605.1.15 (KHTML, like Gecko) Version/27.2 Safari/605.1.15"
[2026-10-10 21:29:38] info: ::1 - - "POST /api/rules/check-conflicts HTTP/1.1" 200 16 "http://localhost:3000/" "Mozilla/5.0 (Macintosh; Intel Mac OS X 10_15_7) AppleWebKit/605.1.15 (KHTML, like Gecko) Version/27.2 Safari/605.1.15"
[2026-10-10 21:29:38] info: WebSocket client connected: symM2syg2GdLlcBmAAAd
[2026-10-10 21:29:38] info: ::1 - - "GET /api/wishes?q=Flagged+test+wish+content+1791667776683&ignore_attributes=1 HTTP/1.1" 200 174 "http://localhost:3000/" "Mozilla/5.0 (Macintosh; Intel Mac OS X 10_15_7) AppleWebKit/605.1.15 (KHTML, like Gecko) Version/27.2 Safari/605.1.15"
[2026-10-10 21:29:39] warn: Wish flagged for moderation {"wish_id":"jbnmbzww"}
[2026-10-10 21:29:39] info: ::1 - - "POST /api/wishes/jbnmbzww/flag HTTP/1.1" 200 16 "http://localhost:3000/" "Mozilla/5.0 (Macintosh; Intel Mac OS X 10_15_7) AppleWebKit/605.1.15 (KHTML, like Gecko) Version/27.2 Safari/605.1.15"
[2026-10-10 21:29:39] warn: Failed login attempt {"username":"admin","ip":"::1"}
[2026-10-10 21:29:39] info: ::1 - - "POST /api/users/login HTTP/1.1" 401 43 "http://localhost:3000/" "Mozilla/5.0 (Macintosh; Intel Mac OS X 10_15_7) AppleWebKit/605.1.15 (KHTML, like Gecko) Version/27.2 Safari/605.1.15"
[2026-10-10 21:30:36] info: WebSocket client disconnected: symM2syg2GdLlcBmAAAd
[2026-10-10 21:30:37] info: ::1 - - "GET / HTTP/1.1" 200 698 "-" "Mozilla/5.0 (Macintosh; Intel Mac OS X 10_15_7) AppleWebKit/605.1.15 (KHTML, like Gecko) Version/27.2 Safari/605.1.15"
[2026-10-10 21:30:37] info: ::1 - - "GET /theme.css HTTP/1.1" 200 415 "http://localhost:3000/" "Mozilla/5.0 (Macintosh; Intel Mac OS X 10_15_7) AppleWebKit/605.1.15 (KHTML, like Gecko) Version/27.2 Safari/605.1.15"
[2026-10-10 21:30:37] info: ::1 - - "GET /assets/jsx-runtime-CKeovgl0.js HTTP/1.1" 200 7899 "http://localhost:3000/" "Mozilla/5.0 (Macintosh; Intel Mac OS X 10_15_7) AppleWebKit/605.1.15 (KHTML, like Gecko) Version/27.2 Safari/605.1.15"
[2026-10-10 21:30:37] info: ::1 - - "GET /assets/rolldown-runtime-C0FnF6B9.js HTTP/1.1" 200 1291 "http://localhost:3000/" "Mozilla/5.0 (Macintosh; Intel Mac OS X 10_15_7) AppleWebKit/605.1.15 (KHTML, like Gecko) Version/27.2 Safari/605.1.15"
[2026-10-10 21:30:37] info: ::1 - - "GET /assets/index-DfIzgRz4.css HTTP/1.1" 200 19113 "http://localhost:3000/" "Mozilla/5.0 (Macintosh; Intel Mac OS X 10_15_7) AppleWebKit/605.1.15 (KHTML, like Gecko) Version/27.2 Safari/605.1.15"
[2026-10-10 21:30:37] info: ::1 - - "GET /assets/index-DRJ4-Rlb.js HTTP/1.1" 200 733104 "http://localhost:3000/" "Mozilla/5.0 (Macintosh; Intel Mac OS X 10_15_7) AppleWebKit/605.1.15 (KHTML, like Gecko) Version/27.2 Safari/605.1.15"
[2026-10-10 21:30:37] info: ::1 - - "GET /api/config HTTP/1.1" 200 12659 "http://localhost:3000/" "Mozilla/5.0 (Macintosh; Intel Mac OS X 10_15_7) AppleWebKit/605.1.15 (KHTML, like Gecko) Version/27.2 Safari/605.1.15"
[2026-10-10 21:30:37] info: ::1 - - "GET /api/config HTTP/1.1" 200 12659 "http://localhost:3000/" "Mozilla/5.0 (Macintosh; Intel Mac OS X 10_15_7) AppleWebKit/605.1.15 (KHTML, like Gecko) Version/27.2 Safari/605.1.15"
[2026-10-10 21:30:38] info: ::1 - - "GET /fonts/NotoColorEmoji.ttf HTTP/1.1" 200 10730124 "http://localhost:3000/" "Mozilla/5.0 (Macintosh; Intel Mac OS X 10_15_7) AppleWebKit/605.1.15 (KHTML, like Gecko) Version/27.2 Safari/605.1.15"
[2026-10-10 21:30:38] debug: Loaded 51 rules from the database
[2026-10-10 21:30:38] info: ::1 - - "POST /api/rules/check-conflicts HTTP/1.1" 200 16 "http://localhost:3000/" "Mozilla/5.0 (Macintosh; Intel Mac OS X 10_15_7) AppleWebKit/605.1.15 (KHTML, like Gecko) Version/27.2 Safari/605.1.15"
[2026-10-10 21:30:38] info: ::1 - - "POST /api/rules/check-conflicts HTTP/1.1" 200 16 "http://localhost:3000/" "Mozilla/5.0 (Macintosh; Intel Mac OS X 10_15_7) AppleWebKit/605.1.15 (KHTML, like Gecko) Version/27.2 Safari/605.1.15"
[2026-10-10 21:30:39] info: Wish created {"user_id":null,"wish_id":"gi2j66nt"}
[2026-10-10 21:30:39] info: ::1 - - "POST /api/wishes HTTP/1.1" 201 48 "http://localhost:3000/" "Mozilla/5.0 (Macintosh; Intel Mac OS X 10_15_7) AppleWebKit/605.1.15 (KHTML, like Gecko) Version/27.2 Safari/605.1.15"
[2026-10-10 21:30:39] info: ::1 - - "GET /api/wishes/gi2j66nt HTTP/1.1" 200 237 "http://localhost:3000/" "Mozilla/5.0 (Macintosh; Intel Mac OS X 10_15_7) AppleWebKit/605.1.15 (KHTML, like Gecko) Version/27.2 Safari/605.1.15"
[2026-10-10 21:30:39] info: ::1 - - "POST /api/wishes/gi2j66nt/manage HTTP/1.1" 200 50 "http://localhost:3000/" "Mozilla/5.0 (Macintosh; Intel Mac OS X 10_15_7) AppleWebKit/605.1.15 (KHTML, like Gecko) Version/27.2 Safari/605.1.15"
[2026-10-10 21:30:40] info: ::1 - - "POST /api/wishes/gi2j66nt/deactivate HTTP/1.1" 200 16 "http://localhost:3000/" "Mozilla/5.0 (Macintosh; Intel Mac OS X 10_15_7) AppleWebKit/605.1.15 (KHTML, like Gecko) Version/27.2 Safari/605.1.15"
[2026-10-10 21:30:40] info: WebSocket client connected: ST50UL0VpQIFYhsfAAAe
[2026-10-10 21:30:40] info: ::1 - - "GET /api/wishes?q=UPDATED+text+1791667837837&ignore_attributes=1 HTTP/1.1" 200 2 "http://localhost:3000/" "Mozilla/5.0 (Macintosh; Intel Mac OS X 10_15_7) AppleWebKit/605.1.15 (KHTML, like Gecko) Version/27.2 Safari/605.1.15"
[2026-10-10 21:30:40] info: ::1 - - "GET /api/wishes/gi2j66nt HTTP/1.1" 200 237 "http://localhost:3000/" "Mozilla/5.0 (Macintosh; Intel Mac OS X 10_15_7) AppleWebKit/605.1.15 (KHTML, like Gecko) Version/27.2 Safari/605.1.15"
[2026-10-10 21:30:41] info: ::1 - - "POST /api/wishes/gi2j66nt/reactivate HTTP/1.1" 200 16 "http://localhost:3000/" "Mozilla/5.0 (Macintosh; Intel Mac OS X 10_15_7) AppleWebKit/605.1.15 (KHTML, like Gecko) Version/27.2 Safari/605.1.15"
[2026-10-10 21:30:41] info: ::1 - - "GET /api/wishes?q=UPDATED+text+1791667837837&ignore_attributes=1 HTTP/1.1" 200 177 "http://localhost:3000/" "Mozilla/5.0 (Macintosh; Intel Mac OS X 10_15_7) AppleWebKit/605.1.15 (KHTML, like Gecko) Version/27.2 Safari/605.1.15"
[2026-10-10 21:30:41] info: WebSocket client disconnected: ST50UL0VpQIFYhsfAAAe
[2026-10-10 21:30:42] info: ::1 - - "GET / HTTP/1.1" 200 698 "-" "Mozilla/5.0 (Macintosh; Intel Mac OS X 10_15_7) AppleWebKit/605.1.15 (KHTML, like Gecko) Version/27.2 Safari/605.1.15"
[2026-10-10 21:30:42] info: ::1 - - "GET /theme.css HTTP/1.1" 200 415 "http://localhost:3000/" "Mozilla/5.0 (Macintosh; Intel Mac OS X 10_15_7) AppleWebKit/605.1.15 (KHTML, like Gecko) Version/27.2 Safari/605.1.15"
[2026-10-10 21:30:42] info: ::1 - - "GET /assets/rolldown-runtime-C0FnF6B9.js HTTP/1.1" 200 1291 "http://localhost:3000/" "Mozilla/5.0 (Macintosh; Intel Mac OS X 10_15_7) AppleWebKit/605.1.15 (KHTML, like Gecko) Version/27.2 Safari/605.1.15"
[2026-10-10 21:30:42] info: ::1 - - "GET /assets/jsx-runtime-CKeovgl0.js HTTP/1.1" 200 7899 "http://localhost:3000/" "Mozilla/5.0 (Macintosh; Intel Mac OS X 10_15_7) AppleWebKit/605.1.15 (KHTML, like Gecko) Version/27.2 Safari/605.1.15"
[2026-10-10 21:30:42] info: ::1 - - "GET /assets/index-DfIzgRz4.css HTTP/1.1" 200 19113 "http://localhost:3000/" "Mozilla/5.0 (Macintosh; Intel Mac OS X 10_15_7) AppleWebKit/605.1.15 (KHTML, like Gecko) Version/27.2 Safari/605.1.15"
[2026-10-10 21:30:42] info: ::1 - - "GET /assets/index-DRJ4-Rlb.js HTTP/1.1" 200 733104 "http://localhost:3000/" "Mozilla/5.0 (Macintosh; Intel Mac OS X 10_15_7) AppleWebKit/605.1.15 (KHTML, like Gecko) Version/27.2 Safari/605.1.15"
[2026-10-10 21:30:42] info: ::1 - - "GET /api/config HTTP/1.1" 200 12659 "http://localhost:3000/" "Mozilla/5.0 (Macintosh; Intel Mac OS X 10_15_7) AppleWebKit/605.1.15 (KHTML, like Gecko) Version/27.2 Safari/605.1.15"
[2026-10-10 21:30:42] info: ::1 - - "GET /api/config HTTP/1.1" 200 12659 "http://localhost:3000/" "Mozilla/5.0 (Macintosh; Intel Mac OS X 10_15_7) AppleWebKit/605.1.15 (KHTML, like Gecko) Version/27.2 Safari/605.1.15"
[2026-10-10 21:30:42] info: ::1 - - "GET /fonts/NotoColorEmoji.ttf HTTP/1.1" 200 10730124 "http://localhost:3000/" "Mozilla/5.0 (Macintosh; Intel Mac OS X 10_15_7) AppleWebKit/605.1.15 (KHTML, like Gecko) Version/27.2 Safari/605.1.15"
[2026-10-10 21:30:43] info: ::1 - - "POST /api/rules/check-conflicts HTTP/1.1" 200 16 "http://localhost:3000/" "Mozilla/5.0 (Macintosh; Intel Mac OS X 10_15_7) AppleWebKit/605.1.15 (KHTML, like Gecko) Version/27.2 Safari/605.1.15"
[2026-10-10 21:30:43] info: ::1 - - "POST /api/rules/check-conflicts HTTP/1.1" 200 16 "http://localhost:3000/" "Mozilla/5.0 (Macintosh; Intel Mac OS X 10_15_7) AppleWebKit/605.1.15 (KHTML, like Gecko) Version/27.2 Safari/605.1.15"
[2026-10-10 21:30:43] info: Wish created {"user_id":null,"wish_id":"klnuyhuk"}
[2026-10-10 21:30:43] info: ::1 - - "POST /api/wishes HTTP/1.1" 201 46 "http://localhost:3000/" "Mozilla/5.0 (Macintosh; Intel Mac OS X 10_15_7) AppleWebKit/605.1.15 (KHTML, like Gecko) Version/27.2 Safari/605.1.15"
[2026-10-10 21:30:44] info: ::1 - - "POST /api/rules/check-conflicts HTTP/1.1" 200 16 "http://localhost:3000/" "Mozilla/5.0 (Macintosh; Intel Mac OS X 10_15_7) AppleWebKit/605.1.15 (KHTML, like Gecko) Version/27.2 Safari/605.1.15"
[2026-10-10 21:30:44] info: ::1 - - "POST /api/rules/check-conflicts HTTP/1.1" 200 16 "http://localhost:3000/" "Mozilla/5.0 (Macintosh; Intel Mac OS X 10_15_7) AppleWebKit/605.1.15 (KHTML, like Gecko) Version/27.2 Safari/605.1.15"
[2026-10-10 21:30:44] info: WebSocket client connected: yypdpta1KoUFSrV2AAAf
[2026-10-10 21:30:44] info: ::1 - - "GET /api/wishes?q=Target+Wish+1791667842138&ignore_attributes=1 HTTP/1.1" 200 168 "http://localhost:3000/" "Mozilla/5.0 (Macintosh; Intel Mac OS X 10_15_7) AppleWebKit/605.1.15 (KHTML, like Gecko) Version/27.2 Safari/605.1.15"
[2026-10-10 21:30:46] info: Wishmail sent {"sender_id":null,"target_wish_id":"klnuyhuk"}
[2026-10-10 21:30:46] info: ::1 - - "POST /api/wishes/klnuyhuk/mail HTTP/1.1" 200 32 "http://localhost:3000/" "Mozilla/5.0 (Macintosh; Intel Mac OS X 10_15_7) AppleWebKit/605.1.15 (KHTML, like Gecko) Version/27.2 Safari/605.1.15"
[2026-10-10 21:30:48] info: ::1 - - "GET /api/wishes/klnuyhuk/mail HTTP/1.1" 200 167 "http://localhost:3000/" "Mozilla/5.0 (Macintosh; Intel Mac OS X 10_15_7) AppleWebKit/605.1.15 (KHTML, like Gecko) Version/27.2 Safari/605.1.15"
[2026-10-10 21:30:48] info: WebSocket client disconnected: yypdpta1KoUFSrV2AAAf
